match_id,match_number,home_team,away_team,city,stage,home_team_elo,away_team_elo,elo_diff,home_gd_last5,away_gd_last5,gd_last5_diff,home_xg_diff,away_xg_diff,xg_diff_diff,home_form_pts,away_form_pts,form_diff,home_climate,away_climate,venue_tier,home_alt_origin,away_alt_origin,home_f8_pen,away_f8_pen,f8_score,home_tactic_primary,away_tactic_primary,f10_raw_score,home_tactic_secondary,away_tactic_secondary,f10_score,home_strength,market_home,market_draw,market_away,edge_home,edge_draw,edge_away,best_edge,best_value,signal,review_flag,raw_score,home_win_prob,draw_prob,away_win_prob,pick
1,1,Mexico,South Africa,Mexico City,Group Stage,81,66.1,14.9,1,0,1,0.88,0.87,0.01,13,9,4,"2,200.00","1,753.00",altitude,high_press_hybrid,mid_block_compact,0.00,0.00,0.00,mid_block_compact,direct_attacking,2.00,YES,NO,1.50,0.95,0.6796116505,0.2038834951,0.1165048544,2.50%,5.14%,-7.65%,5.14%,Draw,WATCH,,2.87,70.46%,25.53%,4.01%,Mexico
2,2,South Korea,Czechia,Guadalajara,Group Stage,76.4,73,3.4,3,0,3,1.17,0.73,0.44,9,6,3,9.00,381.00,high,high_press_hybrid,mid_block_compact,-3.00,0.00,3.00,vertical_tiki_taka,direct_attacking,0.00,NO,NO,0.00,0.98,0.362745098,0.3039215686,0.3333333333,33.53%,-1.41%,-32.11%,33.53%,South Korea,STRONG PLAY,CHECK INPUTS,4.05,69.80%,28.98%,1.22%,South Korea
3,3,Canada,Bosnia and Herzegovina,Toronto,Group Stage,74.7,62.9,11.8,1,0,1,0.58,0.52,0.06,9,7,2,30.00,535.00,mild,mid_block_compact,mid_block_compact,0.00,0.00,0.00,direct_attacking,low_block_counter,-2.00,YES,NO,-1.50,0.39,0.5392156863,0.2549019608,0.2058823529,-25.48%,0.97%,24.51%,24.51%,Bosnia and Herzegovina,STRONG PLAY,CHECK INPUTS,-0.46,28.44%,26.46%,45.10%,Bosnia and Herzegovina
4,4,USA,Paraguay,Los Angeles,Group Stage,78.1,75.3,2.8,0,0.5,-0.5,0.46,-0.02,0.48,10,8,2,5.00,124.00,mild,high_press_hybrid,mid_block_compact,0.00,0.00,0.00,direct_attacking,direct_attacking,0.00,YES,NO,0.00,0.60,0.4854368932,0.2815533981,0.2330097087,-5.78%,1.00%,4.77%,4.77%,Paraguay,WATCH,,0.42,42.77%,29.16%,28.07%,USA
5,5,Qatar,Switzerland,San Francisco Bay Area,Group Stage,62,83.8,-21.8,-1.5,1.5,-3,-0.44,0.7,-1.14,5,11,-6,5.00,557.00,mild,low_block_counter,mid_block_compact,0.00,0.00,0.00,mid_block_compact,high_press_hybrid,-1.00,NO,NO,-0.75,0.03,0.07843137255,0.137254902,0.7843137255,-5.34%,9.73%,-4.39%,9.73%,Draw,PLAY,,-3.39,2.50%,23.46%,74.04%,Switzerland
6,6,Brazil,Morocco,New York/New Jersey,Group Stage,92.2,85.3,6.9,-1,1.5,-2.5,0.33,1.23,-0.9,7,13,-6,762.00,204.00,moderate,positional_play,mid_block_compact,0.00,0.00,0.00,wing_play_heavy,low_block_counter,0.00,NO,NO,0.00,0.32,0.5825242718,0.2427184466,0.1747572816,-35.22%,3.66%,31.57%,31.57%,Morocco,STRONG PLAY,CHECK INPUTS,-0.76,23.03%,27.93%,49.04%,Morocco
7,7,Haiti,Scotland,Boston,Group Stage,57.1,73,-15.9,1.5,0.5,1,0.23,-0.34,0.57,10,12,-2,29.00,40.00,moderate,low_block_counter,high_press_hybrid,0.00,0.00,0.00,,direct_attacking,0.00,NO,NO,0.00,0.32,0.145631068,0.213592233,0.640776699,9.19%,3.87%,-13.06%,9.19%,Haiti,PLAY,,-0.76,23.75%,25.23%,51.02%,Scotland
8,8,Australia,Turkey,Vancouver,Group Stage,78.2,81.8,-3.6,2.5,1,1.5,-0.18,0.11,-0.29,15,13,2,9.00,70.00,mild,high_press_hybrid,mid_block_compact,0.00,0.00,0.00,mid_block_compact,direct_attacking,2.00,NO,NO,1.50,0.83,0.1881188119,0.2574257426,0.5544554455,40.00%,3.18%,-43.18%,40.00%,Australia,STRONG PLAY,CHECK INPUTS,1.57,58.81%,28.92%,12.27%,Australia
9,9,Germany,Curaçao,Houston,Group Stage,89.6,49.5,40.1,4,-3,7,1.29,0.37,0.92,15,5,10,116.00,2.00,extreme,gegenpressing,low_block_counter,-2.00,-6.00,-4.00,positional_play,mid_block_compact,1.00,NO,NO,0.75,0.79,0.9134615385,0.04807692308,0.03846153846,-26.52%,13.19%,13.33%,13.33%,Curaçao,STRONG PLAY,,1.33,64.82%,18.00%,17.18%,Germany
10,10,Netherlands,Japan,Dallas,Group Stage,89.6,84.3,5.3,2,2.5,-0.5,1.32,1.02,0.3,13,13,0,13.00,11.00,mild,positional_play,gegenpressing,0.00,0.00,0.00,high_press_hybrid,mid_block_compact,1.00,NO,NO,0.75,0.75,0.4803921569,0.2549019608,0.2647058824,5.65%,2.92%,-8.56%,5.65%,Netherlands,WATCH,,1.10,53.68%,28.41%,17.91%,Netherlands
11,11,Côte d'Ivoire,Ecuador,Philadelphia,Group Stage,72.6,85.1,-12.5,1,0.5,0.5,0.99,0.18,0.81,10,7,3,117.00,"2,782.00",moderate,direct_attacking,high_press_hybrid,0.00,0.00,0.00,mid_block_compact,mid_block_compact,0.00,NO,NO,0.00,0.46,0.2647058824,0.3333333333,0.4019607843,7.62%,-7.08%,-0.53%,7.62%,Côte d'Ivoire,WATCH,,-0.15,34.09%,26.25%,39.66%,Ecuador
12,12,Sweden,Tunisia,Monterrey,Group Stage,71.3,70.6,0.7,1.5,0,1.5,-0.23,0.76,-0.99,7,8,-1,14.00,67.00,extreme,direct_attacking,mid_block_compact,-6.00,-2.00,4.00,mid_block_compact,low_block_counter,0.00,NO,NO,0.00,0.98,0.504950495,0.2772277228,0.2178217822,18.24%,2.07%,-20.31%,18.24%,Sweden,STRONG PLAY,CHECK INPUTS,3.84,68.73%,29.79%,1.48%,Sweden
13,13,Spain,Cabo Verde,Atlanta,Group Stage,100,64,36,2,-1,3,2.03,0.55,1.48,13,6,7,667.00,10.00,high,positional_play,low_block_counter,0.00,-3.00,-3.00,vertical_tiki_taka,direct_attacking,0.00,NO,NO,0.00,0.67,0.8921568627,0.06862745098,0.03921568627,-35.44%,12.34%,23.10%,23.10%,Cabo Verde,STRONG PLAY,CHECK INPUTS,0.69,53.77%,19.20%,27.03%,Spain
14,14,Belgium,Egypt,Seattle,Group Stage,86.5,72.2,14.3,3.5,-0.5,4,1.87,0.91,0.96,11,8,3,57.00,23.00,mild,direct_attacking,low_block_counter,0.00,0.00,0.00,high_press_hybrid,mid_block_compact,1.00,NO,NO,0.75,0.94,0.5784313725,0.2450980392,0.1764705882,12.12%,1.20%,-13.32%,12.12%,Belgium,STRONG PLAY,,2.78,69.97%,25.71%,4.32%,Belgium
15,15,Saudi Arabia,Uruguay,Miami,Group Stage,64,84.8,-20.8,0,1.5,-1.5,0.46,-0.22,0.68,9,8,1,620.00,43.00,extreme,low_block_counter,direct_attacking,-2.00,-2.00,0.00,mid_block_compact,mid_block_compact,0.00,NO,NO,0.00,0.24,0.1359223301,0.213592233,0.6504854369,4.67%,2.40%,-7.07%,4.67%,Saudi Arabia,WATCH,,-1.16,18.27%,23.76%,57.97%,Uruguay
16,16,IR Iran,New Zealand,Los Angeles,Group Stage,79,63.6,15.4,0,0.5,-0.5,0.78,0,0.78,6,3,3,"1,270.00",3.00,mild,low_block_counter,mid_block_compact,0.00,0.00,0.00,mid_block_compact,direct_attacking,2.00,NO,NO,1.50,0.95,0.5050505051,0.2828282828,0.2121212121,20.08%,-2.90%,-17.18%,20.08%,IR Iran,STRONG PLAY,CHECK INPUTS,2.86,70.59%,25.38%,4.03%,IR Iran
17,17,France,Senegal,New York/New Jersey,Group Stage,98.6,81.7,16.9,3,-1,4,2.06,0.72,1.34,13,12,1,34.00,10.00,moderate,high_press_hybrid,direct_attacking,0.00,0.00,0.00,positional_play,mid_block_compact,1.00,NO,NO,0.75,0.95,0.6732673267,0.2079207921,0.1188118812,3.88%,4.14%,-8.01%,4.14%,Draw,WATCH,,2.91,71.20%,24.93%,3.87%,France
18,18,Iraq,Norway,Boston,Group Stage,66.9,80.1,-13.2,0,3,-3,-0.2,1.34,-1.54,9,15,-6,34.00,26.00,moderate,mid_block_compact,direct_attacking,0.00,0.00,0.00,mid_block_compact,high_press_hybrid,-1.00,NO,NO,-0.75,0.05,0.06862745098,0.137254902,0.7941176471,-3.39%,12.31%,-8.92%,12.31%,Draw,STRONG PLAY,,-3.01,3.47%,26.04%,70.49%,Norway
19,19,Argentina,Algeria,Kansas City,Group Stage,98.5,75.4,23.1,1,-0.5,1.5,0.53,0.52,0.01,10,12,-2,25.00,727.00,moderate,positional_play,mid_block_compact,0.00,0.00,0.00,high_press_hybrid,low_block_counter,-2.00,NO,NO,-1.50,0.49,0.702970297,0.2079207921,0.08910891089,-32.71%,2.28%,30.43%,30.43%,Algeria,STRONG PLAY,CHECK INPUTS,-0.05,37.59%,23.07%,39.34%,Algeria
20,20,Austria,Jordan,San Francisco Bay Area,Group Stage,78.6,69.5,9.1,1,0,1,0.83,-0.02,0.85,10,12,-2,157.00,777.00,mild,high_press_hybrid,low_block_counter,0.00,0.00,0.00,gegenpressing,mid_block_compact,0.00,NO,NO,0.00,0.70,0.7254901961,0.1666666667,0.1078431373,-21.85%,10.60%,11.25%,11.25%,Jordan,PLAY,,0.83,50.70%,27.27%,22.03%,Austria
21,21,Portugal,DR Congo,Houston,Group Stage,89.4,70.8,18.6,3,0,3,1.95,0.39,1.56,10,10,0,9.00,315.00,extreme,positional_play,mid_block_compact,-6.00,-2.00,4.00,direct_attacking,direct_attacking,0.00,NO,NO,0.00,1.00,0.78,0.16,0.06,-2.59%,8.42%,-5.83%,8.42%,Draw,PLAY,,6.11,75.41%,24.42%,0.17%,Portugal
22,22,England,Croatia,Dallas,Group Stage,93.1,84.9,8.2,2,1.5,0.5,1.95,1.78,0.17,15,13,2,86.00,10.00,mild,high_press_hybrid,mid_block_compact,0.00,0.00,0.00,direct_attacking,possession_passive,0.00,NO,NO,0.00,0.69,0.5544554455,0.2475247525,0.198019802,-5.66%,2.79%,2.87%,2.87%,Croatia,PASS,,0.79,49.79%,27.54%,22.67%,England
23,23,Ghana,Panama,Toronto,Group Stage,62.9,71.4,-8.5,-0.5,2,-2.5,0.72,0.73,-0.01,10,11,-1,61.00,6.00,mild,direct_attacking,low_block_counter,0.00,0.00,0.00,high_press_hybrid,mid_block_compact,1.00,NO,NO,0.75,0.45,0.4607843137,0.2745098039,0.2647058824,-13.75%,0.00%,13.75%,13.75%,Panama,STRONG PLAY,,-0.22,32.33%,27.45%,40.22%,Panama
24,24,Uzbekistan,Colombia,Mexico City,Group Stage,73.1,90.7,-17.6,1,3,-2,0.69,0.42,0.27,11,9,2,457.00,14.00,altitude,mid_block_compact,high_press_hybrid,0.00,0.00,0.00,direct_attacking,direct_attacking,0.00,NO,NO,0.00,0.25,0.1089108911,0.198019802,0.6930693069,7.89%,4.92%,-12.81%,7.89%,Uzbekistan,WATCH,,-1.10,18.78%,24.72%,56.50%,Colombia
25,25,Czechia,South Africa,Atlanta,Group Stage,73,66.1,6.9,0,0,0,0.73,0.87,-0.14,6,9,-3,381.00,"1,753.00",high,mid_block_compact,mid_block_compact,0.00,0.00,0.00,direct_attacking,direct_attacking,0.00,NO,NO,0.00,0.53,0.4901960784,0.2843137255,0.2254901961,-10.74%,-0.50%,11.24%,11.24%,South Africa,PLAY,,0.13,38.28%,27.93%,33.79%,Czechia
26,26,Switzerland,Bosnia and Herzegovina,Los Angeles,Group Stage,83.8,62.9,20.9,1.5,0,1.5,0.7,0.52,0.18,11,7,4,557.00,535.00,mild,mid_block_compact,mid_block_compact,0.00,0.00,0.00,high_press_hybrid,low_block_counter,-2.00,NO,NO,-1.50,0.59,0.59,0.24,0.17,-14.04%,-0.27%,14.31%,14.31%,Bosnia and Herzegovina,STRONG PLAY,,0.36,44.96%,23.73%,31.31%,Switzerland
27,27,Canada,Qatar,Vancouver,Group Stage,74.7,62,12.7,1,-1.5,2.5,0.58,-0.44,1.02,9,5,4,30.00,5.00,mild,mid_block_compact,low_block_counter,0.00,0.00,0.00,direct_attacking,mid_block_compact,-2.00,YES,NO,-1.50,0.58,0.7352941176,0.1764705882,0.08823529412,-30.88%,8.54%,22.33%,22.33%,Qatar,STRONG PLAY,CHECK INPUTS,0.31,42.65%,26.19%,31.16%,Canada
28,28,Mexico,South Korea,Guadalajara,Group Stage,81,76.4,4.6,1,3,-2,0.88,1.17,-0.29,13,9,4,"2,200.00",9.00,high,high_press_hybrid,high_press_hybrid,0.00,-3.00,-3.00,mid_block_compact,vertical_tiki_taka,0.00,YES,NO,0.00,0.06,0.5339805825,0.2621359223,0.2038834951,-49.33%,2.41%,46.92%,46.92%,South Korea,STRONG PLAY,CHECK INPUTS,-2.81,4.07%,28.62%,67.31%,South Korea
29,29,USA,Australia,Seattle,Group Stage,78.1,78.2,-0.1,0,2.5,-2.5,0.46,-0.18,0.64,10,15,-5,5.00,9.00,mild,high_press_hybrid,high_press_hybrid,0.00,0.00,0.00,direct_attacking,mid_block_compact,-2.00,YES,NO,-1.50,0.11,0.5544554455,0.2376237624,0.2079207921,-47.51%,6.21%,41.30%,41.30%,Australia,STRONG PLAY,CHECK INPUTS,-2.06,7.94%,29.97%,62.09%,Australia
30,30,Scotland,Morocco,Boston,Group Stage,73,85.3,-12.3,0.5,1.5,-1,-0.34,1.23,-1.57,12,13,-1,40.00,204.00,moderate,high_press_hybrid,mid_block_compact,0.00,0.00,0.00,direct_attacking,low_block_counter,-2.00,NO,NO,-1.50,0.05,0.2277227723,0.2871287129,0.4851485149,-19.34%,-2.40%,21.74%,21.74%,Morocco,STRONG PLAY,CHECK INPUTS,-3.02,3.44%,26.31%,70.25%,Morocco
31,31,Brazil,Haiti,Philadelphia,Group Stage,92.2,57.1,35.1,-1,1.5,-2.5,0.33,0.23,0.1,7,10,-3,762.00,29.00,moderate,positional_play,low_block_counter,0.00,0.00,0.00,wing_play_heavy,,0.00,NO,NO,0.00,0.82,0.8921568627,0.05882352941,0.04901960784,-23.07%,13.59%,9.48%,13.59%,Draw,STRONG PLAY,,1.53,66.15%,19.47%,14.38%,Brazil
32,32,Turkey,Paraguay,San Francisco Bay Area,Group Stage,81.8,75.3,6.5,1,0.5,0.5,0.11,-0.02,0.13,13,8,5,70.00,124.00,mild,mid_block_compact,mid_block_compact,0.00,0.00,0.00,direct_attacking,direct_attacking,0.00,NO,NO,0.00,0.71,0.431372549,0.2941176471,0.2745098039,8.17%,-1.36%,-6.81%,8.17%,Turkey,PLAY,,0.91,51.31%,28.05%,20.64%,Turkey
33,33,Netherlands,Sweden,Houston,Group Stage,89.6,71.3,18.3,2,1.5,0.5,1.32,-0.23,1.55,13,7,6,13.00,14.00,extreme,positional_play,direct_attacking,-6.00,-6.00,0.00,high_press_hybrid,mid_block_compact,1.00,NO,NO,0.75,0.95,0.5841584158,0.2376237624,0.1782178218,13.30%,0.75%,-14.05%,13.30%,Netherlands,STRONG PLAY,,2.95,71.72%,24.51%,3.77%,Netherlands
34,34,Germany,Côte d'Ivoire,Toronto,Group Stage,89.6,72.6,17,4,1,3,1.29,0.99,0.3,15,10,5,116.00,117.00,mild,gegenpressing,direct_attacking,0.00,0.00,0.00,positional_play,mid_block_compact,1.00,NO,NO,0.75,0.94,0.6237623762,0.2178217822,0.1584158416,8.10%,3.12%,-11.22%,8.10%,Germany,PLAY,,2.73,70.48%,24.90%,4.62%,Germany
35,35,Ecuador,South Africa,Kansas City,Group Stage,85.1,66.1,19,0.5,0,0.5,0.18,0.87,-0.69,7,9,-2,"2,782.00","1,753.00",moderate,high_press_hybrid,mid_block_compact,0.00,0.00,0.00,mid_block_compact,direct_attacking,2.00,NO,NO,1.50,0.91,0.801980198,0.1287128713,0.06930693069,-11.31%,11.43%,-0.12%,11.43%,Draw,PLAY,,2.31,68.89%,24.30%,6.81%,Ecuador
36,36,Tunisia,Japan,Monterrey,Group Stage,70.6,84.3,-13.7,0,2.5,-2.5,0.76,1.02,-0.26,8,13,-5,67.00,11.00,extreme,mid_block_compact,gegenpressing,-2.00,-6.00,-4.00,low_block_counter,mid_block_compact,0.00,NO,NO,0.00,0.00,0.18,0.27,0.55,-17.75%,-1.11%,18.86%,18.86%,Japan,STRONG PLAY,CHECK INPUTS,-5.69,0.25%,25.89%,73.86%,Japan
37,37,Spain,Saudi Arabia,Atlanta,Group Stage,100,64,36,2,0,2,2.03,0.46,1.57,13,9,4,667.00,620.00,high,positional_play,low_block_counter,0.00,0.00,0.00,vertical_tiki_taka,mid_block_compact,0.00,NO,NO,0.00,0.97,0.8725490196,0.08823529412,0.03921568627,-9.25%,10.38%,-1.13%,10.38%,Draw,PLAY,,3.33,78.01%,19.20%,2.79%,Spain
38,38,Belgium,IR Iran,Los Angeles,Group Stage,86.5,79,7.5,3.5,0,3.5,1.87,0.78,1.09,11,6,5,57.00,"1,270.00",mild,direct_attacking,low_block_counter,0.00,0.00,0.00,high_press_hybrid,mid_block_compact,1.00,NO,NO,0.75,0.92,0.69,0.19,0.12,-2.20%,8.75%,-6.55%,8.75%,Draw,PLAY,,2.51,66.80%,27.75%,5.45%,Belgium
39,39,Uruguay,Cabo Verde,Miami,Group Stage,84.8,64,20.8,1.5,-1,2.5,-0.22,0.55,-0.77,8,6,2,43.00,10.00,extreme,direct_attacking,low_block_counter,-2.00,-6.00,-4.00,mid_block_compact,direct_attacking,2.00,NO,NO,1.50,0.27,0.6732673267,0.2079207921,0.1188118812,-46.62%,2.97%,43.65%,43.65%,Cabo Verde,STRONG PLAY,CHECK INPUTS,-0.99,20.71%,23.76%,55.53%,Cabo Verde
40,40,New Zealand,Egypt,Vancouver,Group Stage,63.6,72.2,-8.6,0.5,-0.5,1,0,0.91,-0.91,3,8,-5,3.00,23.00,mild,mid_block_compact,low_block_counter,0.00,0.00,0.00,direct_attacking,mid_block_compact,-2.00,NO,NO,-1.50,0.07,0.2,0.25,0.55,-14.91%,2.42%,12.49%,12.49%,Egypt,STRONG PLAY,,-2.58,5.09%,27.42%,67.49%,Egypt
41,41,Argentina,Austria,Dallas,Group Stage,98.5,78.6,19.9,1,1,0,0.53,0.83,-0.3,10,10,0,25.00,157.00,mild,positional_play,high_press_hybrid,0.00,0.00,0.00,high_press_hybrid,gegenpressing,0.00,NO,NO,0.00,0.75,0.5940594059,0.2475247525,0.1584158416,-2.57%,-0.72%,3.29%,3.29%,Austria,PASS,,1.09,56.84%,24.03%,19.13%,Argentina
42,42,France,Iraq,Philadelphia,Group Stage,98.6,66.9,31.7,3,0,3,2.06,-0.2,2.26,13,9,4,34.00,34.00,moderate,high_press_hybrid,mid_block_compact,0.00,0.00,0.00,positional_play,mid_block_compact,1.00,NO,NO,0.75,0.99,0.8529411765,0.1078431373,0.03921568627,-6.94%,9.71%,-2.76%,9.71%,Draw,PLAY,,4.21,78.35%,20.49%,1.16%,France
43,43,Norway,Senegal,New York/New Jersey,Group Stage,80.1,81.7,-1.6,3,-1,4,1.34,0.72,0.62,15,12,3,26.00,10.00,moderate,direct_attacking,direct_attacking,0.00,0.00,0.00,high_press_hybrid,mid_block_compact,1.00,NO,NO,0.75,0.85,0.4607843137,0.2647058824,0.2745098039,13.62%,3.05%,-16.67%,13.62%,Norway,STRONG PLAY,,1.71,59.69%,29.52%,10.79%,Norway
44,44,Jordan,Algeria,San Francisco Bay Area,Group Stage,69.5,75.4,-5.9,0,-0.5,0.5,-0.02,0.52,-0.54,12,12,0,777.00,727.00,mild,low_block_counter,mid_block_compact,0.00,0.00,0.00,mid_block_compact,low_block_counter,0.00,NO,NO,0.00,0.39,0.14,0.23,0.63,13.64%,5.23%,-18.87%,13.64%,Jordan,STRONG PLAY,,-0.47,27.64%,28.23%,44.13%,Algeria
45,45,Portugal,Uzbekistan,Houston,Group Stage,89.4,73.1,16.3,3,1,2,1.95,0.69,1.26,10,11,-1,9.00,457.00,extreme,positional_play,mid_block_compact,-6.00,-2.00,4.00,direct_attacking,direct_attacking,0.00,NO,NO,0.00,1.00,0.7821782178,0.1386138614,0.07920792079,-3.59%,11.25%,-7.66%,11.25%,Draw,PLAY,,5.64,74.62%,25.11%,0.27%,Portugal
46,46,England,Ghana,Boston,Group Stage,93.1,62.9,30.2,2,-0.5,2.5,1.95,0.72,1.23,15,10,5,86.00,61.00,moderate,high_press_hybrid,direct_attacking,0.00,0.00,0.00,direct_attacking,high_press_hybrid,1.00,NO,NO,0.75,0.98,0.7474747475,0.1616161616,0.09090909091,2.53%,4.78%,-7.31%,4.78%,Draw,WATCH,,3.77,77.27%,20.94%,1.79%,England
47,47,Panama,Croatia,Toronto,Group Stage,71.4,84.9,-13.5,2,1.5,0.5,0.73,1.78,-1.05,11,13,-2,6.00,10.00,mild,low_block_counter,mid_block_compact,0.00,0.00,0.00,mid_block_compact,possession_passive,0.00,NO,NO,0.00,0.22,0.1274509804,0.2352941176,0.637254902,3.59%,2.42%,-6.01%,3.59%,Panama,PASS,,-1.26,16.33%,25.95%,57.72%,Croatia
48,48,Colombia,DR Congo,Guadalajara,Group Stage,90.7,70.8,19.9,3,0,3,0.42,0.39,0.03,9,10,-1,14.00,315.00,high,high_press_hybrid,mid_block_compact,-3.00,0.00,3.00,direct_attacking,direct_attacking,0.00,NO,NO,0.00,0.99,0.66,0.22,0.12,9.19%,2.03%,-11.22%,9.19%,Colombia,PLAY,,4.57,75.19%,24.03%,0.78%,Colombia
49,49,Switzerland,Canada,Vancouver,Group Stage,83.8,74.7,9.1,1.5,1,0.5,0.7,0.58,0.12,11,9,2,557.00,30.00,mild,mid_block_compact,mid_block_compact,0.00,0.00,0.00,high_press_hybrid,direct_attacking,-1.00,NO,YES,-0.75,0.52,0.4848484848,0.2323232323,0.2828282828,-10.79%,4.04%,6.76%,6.76%,Canada,WATCH,,0.07,37.69%,27.27%,35.04%,Switzerland
50,50,Bosnia and Herzegovina,Qatar,Seattle,Group Stage,62.9,62,0.9,0,-1.5,1.5,0.52,-0.44,0.96,7,5,2,535.00,5.00,mild,mid_block_compact,low_block_counter,0.00,0.00,0.00,low_block_counter,mid_block_compact,0.00,NO,NO,0.00,0.68,0.6237623762,0.1881188119,0.1881188119,-14.27%,10.92%,3.35%,10.92%,Draw,PLAY,,0.78,48.11%,29.73%,22.16%,Bosnia and Herzegovina
51,51,Scotland,Brazil,Miami,Group Stage,73,92.2,-19.2,0.5,-1,1.5,-0.34,0.33,-0.67,12,7,5,40.00,762.00,extreme,high_press_hybrid,positional_play,-2.00,-2.00,0.00,direct_attacking,wing_play_heavy,0.00,NO,NO,0.00,0.32,0.7227722772,0.1782178218,0.09900990099,-48.16%,6.42%,41.74%,41.74%,Brazil,STRONG PLAY,CHECK INPUTS,-0.76,24.12%,24.24%,51.64%,Brazil
52,52,Morocco,Haiti,Atlanta,Group Stage,85.3,57.1,28.2,1.5,1.5,0,1.23,0.23,1,13,10,3,204.00,29.00,high,mid_block_compact,low_block_counter,0.00,0.00,0.00,low_block_counter,,0.00,NO,NO,0.00,0.91,0.1515151515,0.2222222222,0.6262626263,56.04%,-0.68%,-55.36%,56.04%,Morocco,STRONG PLAY,CHECK INPUTS,2.28,71.19%,21.54%,7.27%,Morocco
53,53,Czechia,Mexico,Mexico City,Group Stage,73,81,-8,0,1,-1,0.73,0.88,-0.15,6,13,-7,381.00,"2,200.00",altitude,mid_block_compact,high_press_hybrid,0.00,0.00,0.00,direct_attacking,mid_block_compact,-2.00,NO,YES,-1.50,0.06,0.2277227723,0.2772277228,0.495049505,-18.39%,-0.12%,18.51%,18.51%,Mexico,STRONG PLAY,CHECK INPUTS,-2.74,4.38%,27.60%,68.02%,Mexico
54,54,South Africa,South Korea,Monterrey,Group Stage,66.1,76.4,-10.3,0,3,-3,0.87,1.17,-0.3,9,9,0,"1,753.00",9.00,extreme,mid_block_compact,high_press_hybrid,-2.00,-6.00,-4.00,direct_attacking,vertical_tiki_taka,0.00,NO,NO,0.00,0.01,0.1919191919,0.2626262626,0.5454545455,-18.78%,0.65%,18.13%,18.13%,South Korea,STRONG PLAY,CHECK INPUTS,-5.17,0.41%,26.91%,72.68%,South Korea
55,55,Curaçao,Côte d'Ivoire,Philadelphia,Group Stage,49.5,72.6,-23.1,-3,1,-4,0.37,0.99,-0.62,5,10,-5,2.00,117.00,moderate,low_block_counter,direct_attacking,0.00,0.00,0.00,mid_block_compact,mid_block_compact,0.00,NO,NO,0.00,0.07,0.198019802,0.2475247525,0.5544554455,-14.50%,-1.68%,16.18%,16.18%,Côte d'Ivoire,STRONG PLAY,CHECK INPUTS,-2.60,5.30%,23.07%,71.63%,Côte d'Ivoire
56,56,Ecuador,Germany,New York/New Jersey,Group Stage,85.1,89.6,-4.5,0.5,4,-3.5,0.18,1.29,-1.11,7,15,-8,"2,782.00",116.00,moderate,high_press_hybrid,gegenpressing,0.00,0.00,0.00,mid_block_compact,positional_play,-1.00,NO,NO,-0.75,0.07,0.06862745098,0.1470588235,0.7843137255,-1.81%,13.94%,-12.14%,13.94%,Draw,STRONG PLAY,,-2.57,5.06%,28.65%,66.29%,Germany
57,57,Japan,Sweden,Dallas,Group Stage,84.3,71.3,13,2.5,1.5,1,1.02,-0.23,1.25,13,7,6,11.00,14.00,mild,gegenpressing,direct_attacking,0.00,0.00,0.00,mid_block_compact,mid_block_compact,0.00,NO,NO,0.00,0.86,0.1386138614,0.2079207921,0.6534653465,49.98%,5.31%,-55.28%,49.98%,Japan,STRONG PLAY,CHECK INPUTS,1.85,63.84%,26.10%,10.06%,Japan
58,58,Tunisia,Netherlands,Kansas City,Group Stage,70.6,89.6,-19,0,2,-2,0.76,1.32,-0.56,8,13,-5,67.00,13.00,moderate,mid_block_compact,positional_play,0.00,0.00,0.00,low_block_counter,high_press_hybrid,2.00,NO,NO,1.50,0.37,0.4653465347,0.2772277228,0.2574257426,-18.59%,-3.42%,22.02%,22.02%,Netherlands,STRONG PLAY,CHECK INPUTS,-0.54,27.94%,24.30%,47.76%,Netherlands
59,59,Turkey,USA,Los Angeles,Group Stage,81.8,78.1,3.7,1,0,1,0.11,0.46,-0.35,13,10,3,70.00,5.00,mild,mid_block_compact,high_press_hybrid,0.00,0.00,0.00,direct_attacking,direct_attacking,0.00,NO,YES,0.00,0.62,0.44,0.3,0.26,0.09%,-1.11%,1.02%,1.02%,USA,PASS,,0.49,44.09%,28.89%,27.02%,Turkey
60,60,Paraguay,Australia,San Francisco Bay Area,Group Stage,75.3,78.2,-2.9,0.5,2.5,-2,-0.02,-0.18,0.16,8,15,-7,124.00,9.00,mild,mid_block_compact,high_press_hybrid,0.00,0.00,0.00,direct_attacking,mid_block_compact,-2.00,NO,NO,-1.50,0.08,0.3465346535,0.2772277228,0.3762376238,-29.17%,1.41%,27.76%,27.76%,Australia,STRONG PLAY,CHECK INPUTS,-2.48,5.49%,29.13%,65.38%,Australia
61,61,Norway,France,Boston,Group Stage,80.1,98.6,-18.5,3,3,0,1.34,2.06,-0.72,15,13,2,26.00,34.00,moderate,direct_attacking,high_press_hybrid,0.00,0.00,0.00,high_press_hybrid,positional_play,0.00,NO,NO,0.00,0.23,0.2156862745,0.2549019608,0.5294117647,-4.11%,-1.04%,5.15%,5.15%,France,WATCH,,-1.20,17.46%,24.45%,58.09%,France
62,62,Senegal,Iraq,Toronto,Group Stage,81.7,66.9,14.8,-1,0,-1,0.72,-0.2,0.92,12,9,3,10.00,34.00,mild,direct_attacking,mid_block_compact,0.00,0.00,0.00,mid_block_compact,mid_block_compact,0.00,NO,NO,0.00,0.79,0.6666666667,0.2058823529,0.1274509804,-8.17%,4.97%,3.20%,4.97%,Draw,WATCH,,1.30,58.50%,25.56%,15.94%,Senegal
63,63,Cabo Verde,Saudi Arabia,Houston,Group Stage,64,64,0,-1,0,-1,0.55,0.46,0.09,6,9,-3,10.00,620.00,extreme,low_block_counter,low_block_counter,-6.00,-2.00,4.00,direct_attacking,mid_block_compact,-2.00,NO,NO,-1.50,0.89,0.1683168317,0.2376237624,0.5940594059,45.81%,6.24%,-52.05%,45.81%,Cabo Verde,STRONG PLAY,CHECK INPUTS,2.14,62.64%,30.00%,7.36%,Cabo Verde
64,64,Uruguay,Spain,Guadalajara,Group Stage,84.8,100,-15.2,1.5,2,-0.5,-0.22,2.03,-2.25,8,13,-5,43.00,667.00,high,direct_attacking,positional_play,0.00,0.00,0.00,mid_block_compact,vertical_tiki_taka,0.00,NO,NO,0.00,0.10,0.36,0.29,0.35,-28.39%,-3.56%,31.95%,31.95%,Spain,STRONG PLAY,CHECK INPUTS,-2.17,7.61%,25.44%,66.95%,Spain
65,65,Egypt,IR Iran,Seattle,Group Stage,72.2,79,-6.8,-0.5,0,-0.5,0.91,0.78,0.13,8,6,2,23.00,"1,270.00",mild,low_block_counter,low_block_counter,0.00,0.00,0.00,mid_block_compact,mid_block_compact,0.00,NO,NO,0.00,0.43,0.08910891089,0.1584158416,0.7524752475,22.14%,12.12%,-34.26%,22.14%,Egypt,STRONG PLAY,CHECK INPUTS,-0.28,31.05%,27.96%,40.99%,IR Iran
66,66,New Zealand,Belgium,Vancouver,Group Stage,63.6,86.5,-22.9,0.5,3.5,-3,0,1.87,-1.87,3,11,-8,3.00,57.00,mild,mid_block_compact,direct_attacking,0.00,0.00,0.00,direct_attacking,high_press_hybrid,1.00,NO,NO,0.75,0.09,0.42,0.32,0.26,-35.42%,-8.87%,44.29%,44.29%,Belgium,STRONG PLAY,CHECK INPUTS,-2.37,6.58%,23.13%,70.29%,Belgium
67,67,Panama,England,New York/New Jersey,Group Stage,71.4,93.1,-21.7,2,2,0,0.73,1.95,-1.22,11,15,-4,6.00,86.00,moderate,low_block_counter,high_press_hybrid,0.00,0.00,0.00,mid_block_compact,direct_attacking,2.00,NO,NO,1.50,0.37,0.1,0.14,0.76,18.01%,9.49%,-27.50%,18.01%,Panama,STRONG PLAY,CHECK INPUTS,-0.55,28.01%,23.49%,48.50%,England
68,68,Croatia,Ghana,Philadelphia,Group Stage,84.9,62.9,22,1.5,-0.5,2,1.78,0.72,1.06,13,10,3,10.00,61.00,moderate,mid_block_compact,direct_attacking,0.00,0.00,0.00,possession_passive,high_press_hybrid,0.00,NO,NO,0.00,0.90,0.5841584158,0.2475247525,0.1683168317,10.75%,-1.35%,-9.40%,10.75%,Croatia,PLAY,,2.23,69.17%,23.40%,7.43%,Croatia
69,69,Colombia,Portugal,Miami,Group Stage,90.7,89.4,1.3,3,3,0,0.42,1.95,-1.53,9,10,-1,14.00,9.00,extreme,high_press_hybrid,positional_play,-6.00,-6.00,0.00,direct_attacking,direct_attacking,0.00,NO,NO,0.00,0.37,0.27,0.26,0.47,-1.04%,3.61%,-2.57%,3.61%,Draw,PASS,,-0.54,25.96%,29.61%,44.43%,Portugal
70,70,DR Congo,Uzbekistan,Atlanta,Group Stage,70.8,73.1,-2.3,0,1,-1,0.39,0.69,-0.3,10,11,-1,315.00,457.00,high,mid_block_compact,mid_block_compact,0.00,0.00,0.00,direct_attacking,direct_attacking,0.00,NO,NO,0.00,0.38,0.4158415842,0.2871287129,0.297029703,-14.45%,0.60%,13.85%,13.85%,Uzbekistan,STRONG PLAY,,-0.47,27.14%,29.31%,43.55%,Uzbekistan
71,71,Algeria,Austria,Kansas City,Group Stage,75.4,78.6,-3.2,-0.5,1,-1.5,0.52,0.83,-0.31,12,10,2,727.00,157.00,moderate,mid_block_compact,high_press_hybrid,0.00,0.00,0.00,low_block_counter,gegenpressing,2.00,NO,NO,1.50,0.76,0.06930693069,0.1188118812,0.8118811881,46.76%,17.16%,-63.92%,46.76%,Algeria,STRONG PLAY,CHECK INPUTS,1.13,53.69%,29.04%,17.27%,Algeria
72,72,Jordan,Argentina,Dallas,Group Stage,69.5,98.5,-29,0,1,-1,-0.02,0.53,-0.55,12,10,2,777.00,25.00,mild,low_block_counter,positional_play,0.00,0.00,0.00,mid_block_compact,high_press_hybrid,-1.00,NO,NO,-0.75,0.06,0.2843137255,0.3039215686,0.4117647059,-23.35%,-9.09%,32.44%,32.44%,Argentina,STRONG PLAY,CHECK INPUTS,-2.67,5.09%,21.30%,73.61%,Argentina
73,73,#N/A,#N/A,Los Angeles,Round of 32,#N/A,#N/A,#N/A,#N/A,#N/A,#N/A,#N/A,#N/A,#N/A,#N/A,#N/A,#N/A,#N/A,#N/A,mild,#N/A,#N/A,#N/A,#N/A,#N/A,#N/A,#N/A,#N/A,#N/A,#N/A,#N/A,#N/A,,,,,,,0,#N/A,PASS,,#N/A,#N/A,#N/A,#N/A,#N/A
74,74,#N/A,#N/A,Houston,Round of 32,#N/A,#N/A,#N/A,#N/A,#N/A,#N/A,#N/A,#N/A,#N/A,#N/A,#N/A,#N/A,#N/A,#N/A,extreme,#N/A,#N/A,#N/A,#N/A,#N/A,#N/A,#N/A,#N/A,#N/A,#N/A,#N/A,#N/A,,,,,,,0,#N/A,PASS,,#N/A,#N/A,#N/A,#N/A,#N/A
75,75,#N/A,#N/A,Boston,Round of 32,#N/A,#N/A,#N/A,#N/A,#N/A,#N/A,#N/A,#N/A,#N/A,#N/A,#N/A,#N/A,#N/A,#N/A,moderate,#N/A,#N/A,#N/A,#N/A,#N/A,#N/A,#N/A,#N/A,#N/A,#N/A,#N/A,#N/A,,,,,,,0,#N/A,PASS,,#N/A,#N/A,#N/A,#N/A,#N/A
76,76,#N/A,#N/A,Monterrey,Round of 32,#N/A,#N/A,#N/A,#N/A,#N/A,#N/A,#N/A,#N/A,#N/A,#N/A,#N/A,#N/A,#N/A,#N/A,extreme,#N/A,#N/A,#N/A,#N/A,#N/A,#N/A,#N/A,#N/A,#N/A,#N/A,#N/A,#N/A,,,,,,,0,#N/A,PASS,,#N/A,#N/A,#N/A,#N/A,#N/A
77,77,#N/A,#N/A,Dallas,Round of 32,#N/A,#N/A,#N/A,#N/A,#N/A,#N/A,#N/A,#N/A,#N/A,#N/A,#N/A,#N/A,#N/A,#N/A,mild,#N/A,#N/A,#N/A,#N/A,#N/A,#N/A,#N/A,#N/A,#N/A,#N/A,#N/A,#N/A,,,,,,,0,#N/A,PASS,,#N/A,#N/A,#N/A,#N/A,#N/A
78,78,#N/A,#N/A,New York/New Jersey,Round of 32,#N/A,#N/A,#N/A,#N/A,#N/A,#N/A,#N/A,#N/A,#N/A,#N/A,#N/A,#N/A,#N/A,#N/A,moderate,#N/A,#N/A,#N/A,#N/A,#N/A,#N/A,#N/A,#N/A,#N/A,#N/A,#N/A,#N/A,,,,,,,0,#N/A,PASS,,#N/A,#N/A,#N/A,#N/A,#N/A
79,79,#N/A,#N/A,Mexico City,Round of 32,#N/A,#N/A,#N/A,#N/A,#N/A,#N/A,#N/A,#N/A,#N/A,#N/A,#N/A,#N/A,#N/A,#N/A,altitude,#N/A,#N/A,0.00,0.00,0.00,#N/A,#N/A,#N/A,#N/A,#N/A,#N/A,#N/A,,,,,,,0,#N/A,PASS,,#N/A,#N/A,#N/A,#N/A,#N/A
80,80,#N/A,#N/A,Atlanta,Round of 32,#N/A,#N/A,#N/A,#N/A,#N/A,#N/A,#N/A,#N/A,#N/A,#N/A,#N/A,#N/A,#N/A,#N/A,high,#N/A,#N/A,#N/A,#N/A,#N/A,#N/A,#N/A,#N/A,#N/A,#N/A,#N/A,#N/A,,,,,,,0,#N/A,PASS,,#N/A,#N/A,#N/A,#N/A,#N/A
81,81,#N/A,#N/A,Seattle,Round of 32,#N/A,#N/A,#N/A,#N/A,#N/A,#N/A,#N/A,#N/A,#N/A,#N/A,#N/A,#N/A,#N/A,#N/A,mild,#N/A,#N/A,#N/A,#N/A,#N/A,#N/A,#N/A,#N/A,#N/A,#N/A,#N/A,#N/A,,,,,,,0,#N/A,PASS,,#N/A,#N/A,#N/A,#N/A,#N/A
82,82,#N/A,#N/A,San Francisco Bay Area,Round of 32,#N/A,#N/A,#N/A,#N/A,#N/A,#N/A,#N/A,#N/A,#N/A,#N/A,#N/A,#N/A,#N/A,#N/A,mild,#N/A,#N/A,#N/A,#N/A,#N/A,#N/A,#N/A,#N/A,#N/A,#N/A,#N/A,#N/A,,,,,,,0,#N/A,PASS,,#N/A,#N/A,#N/A,#N/A,#N/A
83,83,#N/A,#N/A,Los Angeles,Round of 32,#N/A,#N/A,#N/A,#N/A,#N/A,#N/A,#N/A,#N/A,#N/A,#N/A,#N/A,#N/A,#N/A,#N/A,mild,#N/A,#N/A,#N/A,#N/A,#N/A,#N/A,#N/A,#N/A,#N/A,#N/A,#N/A,#N/A,,,,,,,0,#N/A,PASS,,#N/A,#N/A,#N/A,#N/A,#N/A
84,84,#N/A,#N/A,Toronto,Round of 32,#N/A,#N/A,#N/A,#N/A,#N/A,#N/A,#N/A,#N/A,#N/A,#N/A,#N/A,#N/A,#N/A,#N/A,mild,#N/A,#N/A,#N/A,#N/A,#N/A,#N/A,#N/A,#N/A,#N/A,#N/A,#N/A,#N/A,,,,,,,0,#N/A,PASS,,#N/A,#N/A,#N/A,#N/A,#N/A
85,85,#N/A,#N/A,Vancouver,Round of 32,#N/A,#N/A,#N/A,#N/A,#N/A,#N/A,#N/A,#N/A,#N/A,#N/A,#N/A,#N/A,#N/A,#N/A,mild,#N/A,#N/A,#N/A,#N/A,#N/A,#N/A,#N/A,#N/A,#N/A,#N/A,#N/A,#N/A,,,,,,,0,#N/A,PASS,,#N/A,#N/A,#N/A,#N/A,#N/A
86,86,#N/A,#N/A,Dallas,Round of 32,#N/A,#N/A,#N/A,#N/A,#N/A,#N/A,#N/A,#N/A,#N/A,#N/A,#N/A,#N/A,#N/A,#N/A,mild,#N/A,#N/A,#N/A,#N/A,#N/A,#N/A,#N/A,#N/A,#N/A,#N/A,#N/A,#N/A,,,,,,,0,#N/A,PASS,,#N/A,#N/A,#N/A,#N/A,#N/A
87,87,#N/A,#N/A,Miami,Round of 32,#N/A,#N/A,#N/A,#N/A,#N/A,#N/A,#N/A,#N/A,#N/A,#N/A,#N/A,#N/A,#N/A,#N/A,extreme,#N/A,#N/A,#N/A,#N/A,#N/A,#N/A,#N/A,#N/A,#N/A,#N/A,#N/A,#N/A,,,,,,,0,#N/A,PASS,,#N/A,#N/A,#N/A,#N/A,#N/A
88,88,#N/A,#N/A,Kansas City,Round of 32,#N/A,#N/A,#N/A,#N/A,#N/A,#N/A,#N/A,#N/A,#N/A,#N/A,#N/A,#N/A,#N/A,#N/A,moderate,#N/A,#N/A,#N/A,#N/A,#N/A,#N/A,#N/A,#N/A,#N/A,#N/A,#N/A,#N/A,,,,,,,0,#N/A,PASS,,#N/A,#N/A,#N/A,#N/A,#N/A
89,89,#N/A,#N/A,Houston,Round of 16,#N/A,#N/A,#N/A,#N/A,#N/A,#N/A,#N/A,#N/A,#N/A,#N/A,#N/A,#N/A,#N/A,#N/A,extreme,#N/A,#N/A,#N/A,#N/A,#N/A,#N/A,#N/A,#N/A,#N/A,#N/A,#N/A,#N/A,,,,,,,0,#N/A,PASS,,#N/A,#N/A,#N/A,#N/A,#N/A
90,90,#N/A,#N/A,Philadelphia,Round of 16,#N/A,#N/A,#N/A,#N/A,#N/A,#N/A,#N/A,#N/A,#N/A,#N/A,#N/A,#N/A,#N/A,#N/A,moderate,#N/A,#N/A,#N/A,#N/A,#N/A,#N/A,#N/A,#N/A,#N/A,#N/A,#N/A,#N/A,,,,,,,0,#N/A,PASS,,#N/A,#N/A,#N/A,#N/A,#N/A
91,91,#N/A,#N/A,New York/New Jersey,Round of 16,#N/A,#N/A,#N/A,#N/A,#N/A,#N/A,#N/A,#N/A,#N/A,#N/A,#N/A,#N/A,#N/A,#N/A,moderate,#N/A,#N/A,#N/A,#N/A,#N/A,#N/A,#N/A,#N/A,#N/A,#N/A,#N/A,#N/A,,,,,,,0,#N/A,PASS,,#N/A,#N/A,#N/A,#N/A,#N/A
92,92,#N/A,#N/A,Mexico City,Round of 16,#N/A,#N/A,#N/A,#N/A,#N/A,#N/A,#N/A,#N/A,#N/A,#N/A,#N/A,#N/A,#N/A,#N/A,altitude,#N/A,#N/A,0.00,0.00,0.00,#N/A,#N/A,#N/A,#N/A,#N/A,#N/A,#N/A,,,,,,,0,#N/A,PASS,,#N/A,#N/A,#N/A,#N/A,#N/A
93,93,#N/A,#N/A,Dallas,Round of 16,#N/A,#N/A,#N/A,#N/A,#N/A,#N/A,#N/A,#N/A,#N/A,#N/A,#N/A,#N/A,#N/A,#N/A,mild,#N/A,#N/A,#N/A,#N/A,#N/A,#N/A,#N/A,#N/A,#N/A,#N/A,#N/A,#N/A,,,,,,,0,#N/A,PASS,,#N/A,#N/A,#N/A,#N/A,#N/A
94,94,#N/A,#N/A,Seattle,Round of 16,#N/A,#N/A,#N/A,#N/A,#N/A,#N/A,#N/A,#N/A,#N/A,#N/A,#N/A,#N/A,#N/A,#N/A,mild,#N/A,#N/A,#N/A,#N/A,#N/A,#N/A,#N/A,#N/A,#N/A,#N/A,#N/A,#N/A,,,,,,,0,#N/A,PASS,,#N/A,#N/A,#N/A,#N/A,#N/A
95,95,#N/A,#N/A,Atlanta,Round of 16,#N/A,#N/A,#N/A,#N/A,#N/A,#N/A,#N/A,#N/A,#N/A,#N/A,#N/A,#N/A,#N/A,#N/A,high,#N/A,#N/A,#N/A,#N/A,#N/A,#N/A,#N/A,#N/A,#N/A,#N/A,#N/A,#N/A,,,,,,,0,#N/A,PASS,,#N/A,#N/A,#N/A,#N/A,#N/A
96,96,#N/A,#N/A,Vancouver,Round of 16,#N/A,#N/A,#N/A,#N/A,#N/A,#N/A,#N/A,#N/A,#N/A,#N/A,#N/A,#N/A,#N/A,#N/A,mild,#N/A,#N/A,#N/A,#N/A,#N/A,#N/A,#N/A,#N/A,#N/A,#N/A,#N/A,#N/A,,,,,,,0,#N/A,PASS,,#N/A,#N/A,#N/A,#N/A,#N/A
97,97,#N/A,#N/A,Boston,Quarterfinals,#N/A,#N/A,#N/A,#N/A,#N/A,#N/A,#N/A,#N/A,#N/A,#N/A,#N/A,#N/A,#N/A,#N/A,moderate,#N/A,#N/A,#N/A,#N/A,#N/A,#N/A,#N/A,#N/A,#N/A,#N/A,#N/A,#N/A,,,,,,,0,#N/A,PASS,,#N/A,#N/A,#N/A,#N/A,#N/A
98,98,#N/A,#N/A,Los Angeles,Quarterfinals,#N/A,#N/A,#N/A,#N/A,#N/A,#N/A,#N/A,#N/A,#N/A,#N/A,#N/A,#N/A,#N/A,#N/A,mild,#N/A,#N/A,#N/A,#N/A,#N/A,#N/A,#N/A,#N/A,#N/A,#N/A,#N/A,#N/A,,,,,,,0,#N/A,PASS,,#N/A,#N/A,#N/A,#N/A,#N/A
99,99,#N/A,#N/A,Miami,Quarterfinals,#N/A,#N/A,#N/A,#N/A,#N/A,#N/A,#N/A,#N/A,#N/A,#N/A,#N/A,#N/A,#N/A,#N/A,extreme,#N/A,#N/A,#N/A,#N/A,#N/A,#N/A,#N/A,#N/A,#N/A,#N/A,#N/A,#N/A,,,,,,,0,#N/A,PASS,,#N/A,#N/A,#N/A,#N/A,#N/A
100,100,#N/A,#N/A,Kansas City,Quarterfinals,#N/A,#N/A,#N/A,#N/A,#N/A,#N/A,#N/A,#N/A,#N/A,#N/A,#N/A,#N/A,#N/A,#N/A,moderate,#N/A,#N/A,#N/A,#N/A,#N/A,#N/A,#N/A,#N/A,#N/A,#N/A,#N/A,#N/A,,,,,,,0,#N/A,PASS,,#N/A,#N/A,#N/A,#N/A,#N/A
101,101,#N/A,#N/A,Dallas,Semifinals,#N/A,#N/A,#N/A,#N/A,#N/A,#N/A,#N/A,#N/A,#N/A,#N/A,#N/A,#N/A,#N/A,#N/A,mild,#N/A,#N/A,#N/A,#N/A,#N/A,#N/A,#N/A,#N/A,#N/A,#N/A,#N/A,#N/A,,,,,,,0,#N/A,PASS,,#N/A,#N/A,#N/A,#N/A,#N/A
102,102,#N/A,#N/A,Atlanta,Semifinals,#N/A,#N/A,#N/A,#N/A,#N/A,#N/A,#N/A,#N/A,#N/A,#N/A,#N/A,#N/A,#N/A,#N/A,high,#N/A,#N/A,#N/A,#N/A,#N/A,#N/A,#N/A,#N/A,#N/A,#N/A,#N/A,#N/A,,,,,,,0,#N/A,PASS,,#N/A,#N/A,#N/A,#N/A,#N/A
103,103,#N/A,#N/A,Miami,Third Place Playoff,#N/A,#N/A,#N/A,#N/A,#N/A,#N/A,#N/A,#N/A,#N/A,#N/A,#N/A,#N/A,#N/A,#N/A,extreme,#N/A,#N/A,#N/A,#N/A,#N/A,#N/A,#N/A,#N/A,#N/A,#N/A,#N/A,#N/A,,,,,,,0,#N/A,PASS,,#N/A,#N/A,#N/A,#N/A,#N/A
104,104,#N/A,#N/A,New York/New Jersey,Final,#N/A,#N/A,#N/A,#N/A,#N/A,#N/A,#N/A,#N/A,#N/A,#N/A,#N/A,#N/A,#N/A,#N/A,moderate,#N/A,#N/A,#N/A,#N/A,#N/A,#N/A,#N/A,#N/A,#N/A,#N/A,#N/A,#N/A,,,,,,,0,#N/A,PASS,,#N/A,#N/A,#N/A,#N/A,#N/A