match_id,date,home_team,away_team,city,stage,model_home_prob,model_draw_prob,model_away_prob,market_home_prob,market_draw_prob,market_away_prob,model_pick,best_value,best_edge,signal,weak_schedule_match,stake,side_bet,entry_price,actual_outcome,model_pick_hit,best_value_hit,pnl,clv
1,2026-06-11 15:00:00-06,Mexico,South Africa,Mexico City,Group Stage,59.35%,25.53%,15.12%,67.96%,20.39%,11.65%,Mexico,Draw,5.14%,WATCH,FLAG,,,,,,,,
2,2026-06-11 22:00:00-06,South Korea,Czechia,Guadalajara,Group Stage,52.58%,28.98%,18.44%,36.27%,30.39%,33.33%,South Korea,South Korea,16.31%,REVIEW,FLAG,,,,,,,,
3,2026-06-12 15:00:00-04,Canada,Bosnia and Herzegovina,Toronto,Group Stage,54.32%,26.46%,19.22%,53.92%,25.49%,20.59%,Canada,Draw,0.97%,PASS,,,,,,,,,
4,2026-06-12 21:00:00-07,USA,Paraguay,Los Angeles,Group Stage,42.77%,29.16%,28.07%,48.54%,28.16%,23.30%,USA,Paraguay,4.77%,WATCH,,,,,,,,,
5,2026-06-13 15:00:00-07,Qatar,Switzerland,San Francisco Bay Area,Group Stage,5.11%,23.46%,71.43%,7.84%,13.73%,78.43%,Switzerland,Draw,9.73%,REVIEW,FLAG,,,,,,,,
6,2026-06-13 18:00:00-04,Brazil,Morocco,New York/New Jersey,Group Stage,23.03%,27.93%,49.04%,57.84%,24.51%,17.65%,Morocco,Morocco,31.57%,REVIEW,FLAG,,,,,,,,
7,2026-06-13 21:00:00-04,Haiti,Scotland,Boston,Group Stage,23.75%,25.23%,51.02%,14.56%,21.36%,64.08%,Scotland,Haiti,9.19%,PLAY,,,,,,,,,
8,2026-06-14 00:00:00-07,Australia,Turkey,Vancouver,Group Stage,36.74%,28.92%,34.34%,18.45%,25.24%,56.31%,Australia,Australia,17.93%,REVIEW,FLAG,,,,,,,,
9,2026-06-14 13:00:00-05,Germany,Curaçao,Houston,Group Stage,81.17%,18.00%,0.83%,91.35%,4.81%,3.85%,Germany,Draw,13.19%,REVIEW,FLAG,,,,,,,,
10,2026-06-14 16:00:00-05,Netherlands,Japan,Dallas,Group Stage,41.96%,28.41%,29.63%,48.04%,25.49%,26.47%,Netherlands,Japan,3.16%,WATCH,FLAG,,,,,,,,
11,2026-06-14 19:00:00-04,Côte d'Ivoire,Ecuador,Philadelphia,Group Stage,34.09%,26.25%,39.66%,26.47%,33.33%,40.20%,Ecuador,Côte d'Ivoire,7.62%,PLAY,FLAG,,,,,,,,
12,2026-06-14 22:00:00-06,Sweden,Tunisia,Monterrey,Group Stage,32.31%,29.79%,37.90%,50.50%,27.72%,21.78%,Tunisia,Tunisia,16.12%,REVIEW,FLAG,,,,,,,,
13,2026-06-15 12:00:00-04,Spain,Cabo Verde,Atlanta,Group Stage,78.83%,19.20%,1.97%,89.22%,6.86%,3.92%,Spain,Draw,12.34%,REVIEW,FLAG,,,,,,,,
14,2026-06-15 15:00:00-07,Belgium,Egypt,Seattle,Group Stage,65.70%,25.71%,8.59%,57.84%,24.51%,17.65%,Belgium,Belgium,7.85%,PLAY,FLAG,,,,,,,,
15,2026-06-15 18:00:00-04,Saudi Arabia,Uruguay,Miami,Group Stage,18.27%,23.76%,57.97%,13.59%,21.36%,65.05%,Uruguay,Saudi Arabia,4.67%,WATCH,FLAG,,,,,,,,
16,2026-06-15 21:00:00-07,IR Iran,New Zealand,Los Angeles,Group Stage,59.40%,25.38%,15.22%,50.51%,28.28%,21.21%,IR Iran,IR Iran,8.90%,PLAY,,,,,,,,,
17,2026-06-16 15:00:00-04,France,Senegal,New York/New Jersey,Group Stage,67.33%,24.93%,7.74%,67.33%,20.79%,11.88%,France,Draw,4.14%,WATCH,FLAG,,,,,,,,
18,2026-06-16 18:00:00-04,Iraq,Norway,Boston,Group Stage,6.98%,26.04%,66.98%,6.86%,13.73%,79.41%,Norway,Draw,12.31%,REVIEW,FLAG,,,,,,,,
19,2026-06-16 21:00:00-05,Argentina,Algeria,Kansas City,Group Stage,62.37%,23.07%,14.56%,70.30%,20.79%,8.91%,Argentina,Algeria,5.65%,WATCH,FLAG,,,,,,,,
20,2026-06-17 00:00:00-07,Austria,Jordan,San Francisco Bay Area,Group Stage,50.70%,27.27%,22.03%,72.55%,16.67%,10.78%,Austria,Jordan,11.25%,STRONG PLAY,FLAG,,,,,,,,
21,2026-06-17 13:00:00-05,Portugal,DR Congo,Houston,Group Stage,67.42%,24.42%,8.16%,78.00%,16.00%,6.00%,Portugal,Draw,8.42%,PLAY,FLAG,,,,,,,,
22,2026-06-17 16:00:00-05,England,Croatia,Dallas,Group Stage,49.79%,27.54%,22.67%,55.45%,24.75%,19.80%,England,Croatia,2.87%,PASS,,,,,,,,,
23,2026-06-17 19:00:00-04,Ghana,Panama,Toronto,Group Stage,19.96%,27.45%,52.59%,46.08%,27.45%,26.47%,Panama,Panama,26.12%,REVIEW,FLAG,,,,,,,,
24,2026-06-17 22:00:00-06,Uzbekistan,Colombia,Mexico City,Group Stage,18.78%,24.72%,56.50%,10.89%,19.80%,69.31%,Colombia,Uzbekistan,7.89%,PLAY,FLAG,,,,,,,,
25,2026-06-18 12:00:00-04,Czechia,South Africa,Atlanta,Group Stage,38.28%,27.93%,33.79%,49.02%,28.43%,22.55%,Czechia,South Africa,11.24%,STRONG PLAY,FLAG,,,,,,,,
26,2026-06-18 15:00:00-07,Switzerland,Bosnia and Herzegovina,Los Angeles,Group Stage,66.01%,23.73%,10.26%,59.00%,24.00%,17.00%,Switzerland,Switzerland,7.01%,PLAY,,,,,,,,,
27,2026-06-18 18:00:00-07,Canada,Qatar,Vancouver,Group Stage,63.47%,26.19%,10.34%,73.53%,17.65%,8.82%,Canada,Draw,8.54%,PLAY,FLAG,,,,,,,,
28,2026-06-18 21:00:00-06,Mexico,South Korea,Guadalajara,Group Stage,39.15%,28.62%,32.23%,53.40%,26.21%,20.39%,Mexico,South Korea,11.84%,STRONG PLAY,FLAG,,,,,,,,
29,2026-06-19 15:00:00-07,USA,Australia,Seattle,Group Stage,25.51%,29.97%,44.52%,55.45%,23.76%,20.79%,Australia,Australia,23.73%,REVIEW,FLAG,,,,,,,,
30,2026-06-19 18:00:00-04,Scotland,Morocco,Boston,Group Stage,13.25%,26.31%,60.44%,22.77%,28.71%,48.51%,Morocco,Morocco,11.92%,STRONG PLAY,FLAG,,,,,,,,
31,2026-06-19 21:00:00-04,Brazil,Haiti,Philadelphia,Group Stage,66.15%,19.47%,14.38%,89.22%,5.88%,4.90%,Brazil,Draw,13.59%,REVIEW,,,,,,,,,
32,2026-06-20 00:00:00-07,Turkey,Paraguay,San Francisco Bay Area,Group Stage,51.31%,28.05%,20.64%,43.14%,29.41%,27.45%,Turkey,Turkey,8.17%,PLAY,,,,,,,,,
33,2026-06-20 13:00:00-05,Netherlands,Sweden,Houston,Group Stage,67.93%,24.51%,7.56%,58.42%,23.76%,17.82%,Netherlands,Netherlands,9.51%,PLAY,,,,,,,,,
34,2026-06-20 16:00:00-04,Germany,Côte d'Ivoire,Toronto,Group Stage,65.95%,24.90%,9.15%,62.38%,21.78%,15.84%,Germany,Germany,3.57%,WATCH,FLAG,,,,,,,,
35,2026-06-20 20:00:00-05,Ecuador,South Africa,Kansas City,Group Stage,52.45%,24.30%,23.25%,80.20%,12.87%,6.93%,Ecuador,South Africa,16.32%,REVIEW,FLAG,,,,,,,,
36,2026-06-21 00:00:00-06,Tunisia,Japan,Monterrey,Group Stage,11.56%,25.89%,62.55%,18.00%,27.00%,55.00%,Japan,Japan,7.55%,PLAY,,,,,,,,,
37,2026-06-21 12:00:00-04,Spain,Saudi Arabia,Atlanta,Group Stage,78.01%,19.20%,2.79%,87.25%,8.82%,3.92%,Spain,Draw,10.38%,REVIEW,FLAG,,,,,,,,
38,2026-06-21 15:00:00-07,Belgium,IR Iran,Los Angeles,Group Stage,61.61%,27.75%,10.64%,69.00%,19.00%,12.00%,Belgium,Draw,8.75%,PLAY,FLAG,,,,,,,,
39,2026-06-21 18:00:00-04,Uruguay,Cabo Verde,Miami,Group Stage,62.48%,23.76%,13.76%,67.33%,20.79%,11.88%,Uruguay,Draw,2.97%,PASS,FLAG,,,,,,,,
40,2026-06-21 21:00:00-07,New Zealand,Egypt,Vancouver,Group Stage,18.34%,27.42%,54.24%,20.00%,25.00%,55.00%,Egypt,Draw,2.42%,PASS,,,,,,,,,
41,2026-06-22 13:00:00-05,Argentina,Austria,Dallas,Group Stage,56.84%,24.03%,19.13%,59.41%,24.75%,15.84%,Argentina,Austria,3.29%,WATCH,,,,,,,,,
42,2026-06-22 17:00:00-04,France,Iraq,Philadelphia,Group Stage,77.09%,20.49%,2.42%,85.29%,10.78%,3.92%,France,Draw,9.71%,REVIEW,FLAG,,,,,,,,
43,2026-06-22 20:00:00-04,Norway,Senegal,New York/New Jersey,Group Stage,50.98%,29.52%,19.50%,46.08%,26.47%,27.45%,Norway,Norway,4.90%,WATCH,FLAG,,,,,,,,
44,2026-06-22 23:00:00-07,Jordan,Algeria,San Francisco Bay Area,Group Stage,27.64%,28.23%,44.13%,14.00%,23.00%,63.00%,Algeria,Jordan,13.64%,STRONG PLAY,,,,,,,,,
45,2026-06-23 13:00:00-05,Portugal,Uzbekistan,Houston,Group Stage,62.71%,25.11%,12.18%,78.22%,13.86%,7.92%,Portugal,Draw,11.25%,REVIEW,FLAG,,,,,,,,
46,2026-06-23 16:00:00-04,England,Ghana,Boston,Group Stage,75.37%,20.94%,3.69%,74.75%,16.16%,9.09%,England,Draw,4.78%,WATCH,FLAG,,,,,,,,
47,2026-06-23 19:00:00-04,Panama,Croatia,Toronto,Group Stage,16.33%,25.95%,57.72%,12.75%,23.53%,63.73%,Croatia,Panama,3.59%,WATCH,,,,,,,,,
48,2026-06-23 22:00:00-06,Colombia,DR Congo,Guadalajara,Group Stage,62.94%,24.03%,13.03%,66.00%,22.00%,12.00%,Colombia,Draw,2.03%,PASS,FLAG,,,,,,,,
49,2026-06-24 15:00:00-07,Switzerland,Canada,Vancouver,Group Stage,50.54%,27.27%,22.19%,48.48%,23.23%,28.28%,Switzerland,Draw,4.04%,WATCH,,,,,,,,,
50,2026-06-24 15:00:00-07,Bosnia and Herzegovina,Qatar,Seattle,Group Stage,48.11%,29.73%,22.16%,62.38%,18.81%,18.81%,Bosnia and Herzegovina,Draw,10.92%,STRONG PLAY,FLAG,,,,,,,,
51,2026-06-24 18:00:00-04,Scotland,Brazil,Miami,Group Stage,24.12%,24.24%,51.64%,72.28%,17.82%,9.90%,Brazil,Brazil,41.74%,REVIEW,,,,,,,,,
52,2026-06-24 18:00:00-04,Morocco,Haiti,Atlanta,Group Stage,71.19%,21.54%,7.27%,15.15%,22.22%,62.63%,Morocco,Morocco,56.04%,REVIEW,FLAG,,,,,,,,
53,2026-06-24 21:00:00-06,Czechia,Mexico,Mexico City,Group Stage,16.22%,27.60%,56.18%,22.77%,27.72%,49.50%,Mexico,Mexico,6.68%,PLAY,,,,,,,,,
54,2026-06-24 21:00:00-06,South Africa,South Korea,Monterrey,Group Stage,17.27%,26.91%,55.82%,19.19%,26.26%,54.55%,South Korea,South Korea,1.27%,PASS,,,,,,,,,
55,2026-06-25 16:00:00-04,Curaçao,Côte d'Ivoire,Philadelphia,Group Stage,5.30%,23.07%,71.63%,19.80%,24.75%,55.45%,Côte d'Ivoire,Côte d'Ivoire,16.18%,REVIEW,,,,,,,,,
56,2026-06-25 16:00:00-04,Ecuador,Germany,New York/New Jersey,Group Stage,9.92%,28.65%,61.43%,6.86%,14.71%,78.43%,Germany,Draw,13.94%,REVIEW,,,,,,,,,
57,2026-06-25 19:00:00-05,Japan,Sweden,Dallas,Group Stage,63.84%,26.10%,10.06%,13.86%,20.79%,65.35%,Japan,Japan,49.98%,REVIEW,FLAG,,,,,,,,
58,2026-06-25 19:00:00-05,Tunisia,Netherlands,Kansas City,Group Stage,8.74%,24.30%,66.96%,46.53%,27.72%,25.74%,Netherlands,Netherlands,41.22%,REVIEW,FLAG,,,,,,,,
59,2026-06-25 22:00:00-07,Turkey,USA,Los Angeles,Group Stage,44.09%,28.89%,27.02%,44.00%,30.00%,26.00%,Turkey,USA,1.02%,PASS,,,,,,,,,
60,2026-06-25 22:00:00-07,Paraguay,Australia,San Francisco Bay Area,Group Stage,19.37%,29.13%,51.50%,34.65%,27.72%,37.62%,Australia,Australia,13.88%,STRONG PLAY,FLAG,,,,,,,,
61,2026-06-26 15:00:00-04,Norway,France,Boston,Group Stage,17.46%,24.45%,58.09%,21.57%,25.49%,52.94%,France,France,5.15%,WATCH,,,,,,,,,
62,2026-06-26 15:00:00-04,Senegal,Iraq,Toronto,Group Stage,58.50%,25.56%,15.94%,66.67%,20.59%,12.75%,Senegal,Draw,4.97%,WATCH,,,,,,,,,
63,2026-06-26 20:00:00-05,Cabo Verde,Saudi Arabia,Houston,Group Stage,28.79%,30.00%,41.21%,16.83%,23.76%,59.41%,Saudi Arabia,Cabo Verde,11.96%,STRONG PLAY,,,,,,,,,
64,2026-06-26 20:00:00-06,Uruguay,Spain,Guadalajara,Group Stage,7.61%,25.44%,66.95%,36.00%,29.00%,35.00%,Spain,Spain,31.95%,REVIEW,,,,,,,,,
65,2026-06-26 23:00:00-07,Egypt,IR Iran,Seattle,Group Stage,31.05%,27.96%,40.99%,8.91%,15.84%,75.25%,IR Iran,Egypt,22.14%,REVIEW,,,,,,,,,
66,2026-06-26 23:00:00-07,New Zealand,Belgium,Vancouver,Group Stage,3.26%,23.13%,73.61%,42.00%,32.00%,26.00%,Belgium,Belgium,47.61%,REVIEW,FLAG,,,,,,,,
67,2026-06-27 17:00:00-04,Panama,England,New York/New Jersey,Group Stage,8.73%,23.49%,67.78%,10.00%,14.00%,76.00%,England,Draw,9.49%,REVIEW,,,,,,,,,
68,2026-06-27 17:00:00-04,Croatia,Ghana,Philadelphia,Group Stage,69.17%,23.40%,7.43%,58.42%,24.75%,16.83%,Croatia,Croatia,10.75%,STRONG PLAY,FLAG,,,,,,,,
69,2026-06-27 19:30:00-04,Colombia,Portugal,Miami,Group Stage,25.96%,29.61%,44.43%,27.00%,26.00%,47.00%,Portugal,Draw,3.61%,WATCH,,,,,,,,,
70,2026-06-27 19:30:00-04,DR Congo,Uzbekistan,Atlanta,Group Stage,27.14%,29.31%,43.55%,41.58%,28.71%,29.70%,Uzbekistan,Uzbekistan,13.85%,STRONG PLAY,,,,,,,,,
71,2026-06-27 22:00:00-05,Algeria,Austria,Kansas City,Group Stage,29.07%,29.04%,41.89%,6.93%,11.88%,81.19%,Austria,Algeria,22.14%,REVIEW,FLAG,,,,,,,,
72,2026-06-27 22:00:00-05,Jordan,Argentina,Dallas,Group Stage,10.04%,21.30%,68.66%,28.43%,30.39%,41.18%,Argentina,Argentina,27.48%,REVIEW,FLAG,,,,,,,,
73,2026-06-28 15:00:00-07,,,Los Angeles,Round of 32,#N/A,#N/A,#N/A,,,,#N/A,#N/A,0.00%,#N/A,,,,,,,,,
74,2026-06-29 13:00:00-05,,,Houston,Round of 32,#N/A,#N/A,#N/A,,,,#N/A,#N/A,0.00%,#N/A,,,,,,,,,
75,2026-06-29 16:30:00-04,,,Boston,Round of 32,#N/A,#N/A,#N/A,,,,#N/A,#N/A,0.00%,#N/A,,,,,,,,,
76,2026-06-29 21:00:00-06,,,Monterrey,Round of 32,#N/A,#N/A,#N/A,,,,#N/A,#N/A,0.00%,#N/A,,,,,,,,,
77,2026-06-30 13:00:00-05,,,Dallas,Round of 32,#N/A,#N/A,#N/A,,,,#N/A,#N/A,0.00%,#N/A,,,,,,,,,
78,2026-06-30 17:00:00-04,,,New York/New Jersey,Round of 32,#N/A,#N/A,#N/A,,,,#N/A,#N/A,0.00%,#N/A,,,,,,,,,
79,2026-06-30 21:00:00-06,,,Mexico City,Round of 32,#N/A,#N/A,#N/A,,,,#N/A,#N/A,0.00%,#N/A,,,,,,,,,
80,2026-07-01 12:00:00-04,,,Atlanta,Round of 32,#N/A,#N/A,#N/A,,,,#N/A,#N/A,0.00%,#N/A,,,,,,,,,
81,2026-07-01 16:00:00-07,,,Seattle,Round of 32,#N/A,#N/A,#N/A,,,,#N/A,#N/A,0.00%,#N/A,,,,,,,,,
82,2026-07-01 20:00:00-07,,,San Francisco Bay Area,Round of 32,#N/A,#N/A,#N/A,,,,#N/A,#N/A,0.00%,#N/A,,,,,,,,,
83,2026-07-02 15:00:00-07,,,Los Angeles,Round of 32,#N/A,#N/A,#N/A,,,,#N/A,#N/A,0.00%,#N/A,,,,,,,,,
84,2026-07-02 19:00:00-04,,,Toronto,Round of 32,#N/A,#N/A,#N/A,,,,#N/A,#N/A,0.00%,#N/A,,,,,,,,,
85,2026-07-02 23:00:00-07,,,Vancouver,Round of 32,#N/A,#N/A,#N/A,,,,#N/A,#N/A,0.00%,#N/A,,,,,,,,,
86,2026-07-03 14:00:00-05,,,Dallas,Round of 32,#N/A,#N/A,#N/A,,,,#N/A,#N/A,0.00%,#N/A,,,,,,,,,
87,2026-07-03 18:00:00-04,,,Miami,Round of 32,#N/A,#N/A,#N/A,,,,#N/A,#N/A,0.00%,#N/A,,,,,,,,,
88,2026-07-03 21:30:00-05,,,Kansas City,Round of 32,#N/A,#N/A,#N/A,,,,#N/A,#N/A,0.00%,#N/A,,,,,,,,,
89,2026-07-04 13:00:00-05,,,Houston,Round of 16,#N/A,#N/A,#N/A,,,,#N/A,#N/A,0.00%,#N/A,,,,,,,,,
90,2026-07-04 17:00:00-04,,,Philadelphia,Round of 16,#N/A,#N/A,#N/A,,,,#N/A,#N/A,0.00%,#N/A,,,,,,,,,
91,2026-07-05 16:00:00-04,,,New York/New Jersey,Round of 16,#N/A,#N/A,#N/A,,,,#N/A,#N/A,0.00%,#N/A,,,,,,,,,
92,2026-07-05 20:00:00-06,,,Mexico City,Round of 16,#N/A,#N/A,#N/A,,,,#N/A,#N/A,0.00%,#N/A,,,,,,,,,
93,2026-07-06 15:00:00-05,,,Dallas,Round of 16,#N/A,#N/A,#N/A,,,,#N/A,#N/A,0.00%,#N/A,,,,,,,,,
94,2026-07-06 20:00:00-07,,,Seattle,Round of 16,#N/A,#N/A,#N/A,,,,#N/A,#N/A,0.00%,#N/A,,,,,,,,,
95,2026-07-07 12:00:00-04,,,Atlanta,Round of 16,#N/A,#N/A,#N/A,,,,#N/A,#N/A,0.00%,#N/A,,,,,,,,,
96,2026-07-07 16:00:00-07,,,Vancouver,Round of 16,#N/A,#N/A,#N/A,,,,#N/A,#N/A,0.00%,#N/A,,,,,,,,,
97,2026-07-09 16:00:00-04,,,Boston,Quarterfinals,#N/A,#N/A,#N/A,,,,#N/A,#N/A,0.00%,#N/A,,,,,,,,,
98,2026-07-10 15:00:00-07,,,Los Angeles,Quarterfinals,#N/A,#N/A,#N/A,,,,#N/A,#N/A,0.00%,#N/A,,,,,,,,,
99,2026-07-11 17:00:00-04,,,Miami,Quarterfinals,#N/A,#N/A,#N/A,,,,#N/A,#N/A,0.00%,#N/A,,,,,,,,,
100,2026-07-11 21:00:00-05,,,Kansas City,Quarterfinals,#N/A,#N/A,#N/A,,,,#N/A,#N/A,0.00%,#N/A,,,,,,,,,
101,2026-07-14 15:00:00-05,,,Dallas,Semifinals,#N/A,#N/A,#N/A,,,,#N/A,#N/A,0.00%,#N/A,,,,,,,,,
102,2026-07-15 15:00:00-04,,,Atlanta,Semifinals,#N/A,#N/A,#N/A,,,,#N/A,#N/A,0.00%,#N/A,,,,,,,,,
103,2026-07-18 17:00:00-04,,,Miami,Third Place Playoff,#N/A,#N/A,#N/A,,,,#N/A,#N/A,0.00%,#N/A,,,,,,,,,
104,2026-07-19 15:00:00-04,,,New York/New Jersey,Final,#N/A,#N/A,#N/A,,,,#N/A,#N/A,0.00%,#N/A,,,,,,,,,
