match_id,home_team,away_team,stadium,elo_delta,home_xg_for,away_xg_for,home_xg_against,away_xg_against,home_exp_goals,away_exp_goals,total_exp_goals,home_tactical_score,away_tactical_score,match_tactical_modifier,venue_tier,home_climate_mod,away_climate_mod,situational_modifier,home_adj_xg,away_adj_xg,adjusted_total_exp_goals,match_ou_line,under_prob,over_prob,market_over,market_under,edge_over,edge_under,ou_best_edge,ou_best_value,ou_signal,ou_review_flag
1,Mexico,South Africa,Estadio Azteca,14.9,1.4007,1.3728,0.8183551724,0.5754233333,1.070589333,1.151022069,2.221611402,0.088,0.002,0.045,altitude,0.05,0,-0.105,1.223041254,1.153324113,2.126847004,2.5,61.69%,38.31%,44.55%,55.45%,-6.25%,6.25%,6.25%,Under 2.5,PLAY,
2,South Korea,Czechia,Estadio Akron,3.4,1.5834,1.89,0.7242045977,1.16,1.41404,1.423681839,2.837721839,0.132,0.002,0.067,high,0,-0.08,-0.083,1.60069328,1.312406867,2.671312834,2.5,46.05%,53.95%,42.57%,57.43%,11.37%,-11.37%,11.37%,Over 2.5,STRONG PLAY,
3,Canada,Bosnia and Herzegovina,BMO Field,11.8,1.1136,1.72,0.7781344828,1.2,1.14816,1.343253793,2.491413793,0.002,-0.078,-0.038,mild,-0.08,0,-0.038,1.058419814,1.238479997,2.209617619,2.5,54.60%,45.40%,43.56%,56.44%,1.83%,-1.83%,1.83%,Over 2.5,PASS,
4,USA,Paraguay,SoFi Stadium,2.8,1.3137,0.9152,1.172536207,1.168842727,1.255757091,1.018134483,2.273891574,0.132,0.002,0.067,mild,0,0.05,0.067,1.421517027,1.071179289,2.659706969,2.5,60.30%,39.70%,40.59%,59.41%,-0.89%,0.89%,0.89%,Under 2.5,PASS,
5,Qatar,Switzerland,Levi's Stadium,21.8,0.9135,1.46,1.62803908,0.76,0.8521,1.527215632,2.379315632,-0.132,0.01,-0.061,mild,-0.1,-0.08,-0.061,0.66566052,1.419088765,1.957579579,2.5,57.51%,42.49%,58.42%,41.58%,-15.93%,15.93%,15.93%,Under 2.5,REVIEW,CHECK INPUTS
6,Brazil,Morocco,MetLife Stadium,6.9,1.1176,1.7568,1.058183636,0.621325,0.91909,1.477353455,2.396443455,0.07,-0.078,-0.004,moderate,0.05,0,-0.084,1.032597615,1.362119885,2.19356123,2.5,57.06%,42.94%,46.53%,53.47%,-3.60%,3.60%,3.60%,Under 2.5,WATCH,
7,Haiti,Scotland,Gillette Stadium,15.9,1.1571,1.32,1.193854023,1.66,1.35826,1.269541609,2.627801609,-0.12,0.132,0.006,moderate,-0.1,-0.08,-0.074,1.07574192,1.322151413,2.220449227,2.5,51.15%,48.85%,51.49%,48.51%,-2.63%,2.63%,2.63%,Under 2.5,PASS,
8,Australia,Turkey,BC Place,3.6,0.8352,1.51,1.273209655,1.4,1.06112,1.415283862,2.476403862,0.088,0.002,0.045,mild,0.05,0,0.045,1.212223488,1.41811443,2.748703124,2.5,54.99%,45.01%,47.52%,52.48%,-2.51%,2.51%,2.51%,Under 2.5,PASS,
9,Germany,Curaçao,NRG Stadium,40.1,2.01,1.4442,0.72,1.385415517,1.760166207,1.15452,2.914686207,0.162,-0.132,0.015,extreme,-0.08,-0.1,-0.185,1.881688082,0.901911024,2.268633271,4.5,82.94%,17.06%,44.55%,55.45%,-27.49%,27.49%,27.49%,Under 4.5,REVIEW,CHECK INPUTS
10,Netherlands,Japan,AT&T Stadium,5.3,2.07,1.4094,0.75,0.6755793103,1.512231724,1.14564,2.657871724,0.07,0.138,0.104,mild,0,0,0.104,1.618087945,1.30373832,3.225696196,2.5,50.40%,49.60%,49.50%,50.50%,0.10%,-0.10%,0.10%,Over 2.5,PASS,
11,Côte d'Ivoire,Ecuador,Lincoln Financial Field,12.5,1.4496,1.0208,0.53573,1.093724545,1.307249818,0.826772,2.134021818,0.068,0.088,0.078,moderate,0.05,0,-0.002,1.465949946,0.899527936,2.360746926,1.5,37.09%,62.91%,60.40%,39.60%,2.51%,-2.51%,2.51%,Over 1.5,PASS,
12,Sweden,Tunisia,Estadio BBVA,0.7,1.18,1.632,1.41,0.9676516667,1.095060667,1.5432,2.638260667,0.068,-0.078,-0.005,extreme,-0.08,0,-0.205,1.075962809,1.4228304,1.986540601,2.5,50.89%,49.11%,41.58%,58.42%,7.53%,-7.53%,7.53%,Over 2.5,PLAY,
13,Spain,Cabo Verde,Mercedes-Benz Stadium,36,2.74,1.2096,0.71,0.7289333333,1.935573333,1.00976,2.945333333,0.062,-0.088,-0.013,high,0,0.05,-0.163,2.05557888,0.966946176,2.529853472,3.5,65.95%,34.05%,49.50%,50.50%,-15.45%,15.45%,15.45%,Under 3.5,REVIEW,CHECK INPUTS
14,Belgium,Egypt,Lumen Field,14.3,2.57,1.3824,0.7,0.5459441667,1.760377667,1.10944,2.869817667,0.12,-0.132,-0.006,mild,0,0.05,-0.006,1.971622987,1.011143616,2.964870003,2.5,45.30%,54.70%,47.52%,52.48%,7.18%,-7.18%,7.18%,Over 2.5,PLAY,
15,Saudi Arabia,Uruguay,Hard Rock Stadium,20.8,1.3224,0.9328,1.161370115,1.428014545,1.364645818,1.024228046,2.388873864,-0.132,0.068,-0.032,extreme,-0.1,0,-0.232,1.066061313,1.093875553,1.658831513,2.5,57.26%,42.74%,47.52%,52.48%,-4.79%,4.79%,4.79%,Under 2.5,WATCH,
16,IR Iran,New Zealand,SoFi Stadium,15.4,1.6443,0,1.241031034,0,0.98658,0.4964124138,1.482992414,-0.132,0.002,-0.065,mild,0,0,-0.065,0.85635144,0.4974052386,1.265762495,2.5,81.31%,18.69%,39.60%,60.40%,-20.91%,20.91%,20.91%,Under 2.5,REVIEW,CHECK INPUTS
17,France,Senegal,MetLife Stadium,16.9,2.54,1.4592,0.48,0.8272333333,1.854893333,1.06752,2.922413333,0.112,0.068,0.09,moderate,0,-0.1,0.01,2.062641387,1.026100224,3.119629027,2.5,44.08%,55.92%,49.50%,50.50%,6.42%,-6.42%,6.42%,Over 2.5,PLAY,
18,Iraq,Norway,Gillette Stadium,13.2,0.957,2.21,1.429955172,0.87,0.9222,1.897982069,2.820182069,-0.042,0.12,0.039,moderate,0.05,-0.08,-0.041,0.92764098,1.955680724,2.765105514,2.5,46.47%,53.53%,59.41%,40.59%,-5.87%,5.87%,5.87%,Under 2.5,WATCH,
19,Argentina,Algeria,Arrowhead Stadium,23.1,1.144,1.1808,0.873425,0.7323058333,0.9793223333,1.05785,2.037172333,0.07,-0.078,-0.004,moderate,0,0.05,-0.084,1.047874897,1.024104585,1.897933205,2.5,66.66%,33.34%,49.50%,50.50%,-16.17%,16.17%,16.17%,Under 2.5,REVIEW,CHECK INPUTS
20,Austria,Jordan,Levi's Stadium,9.1,1.76,1.044,0.93,1.346697701,1.59467908,0.9984,2.59307908,0.16,-0.132,0.014,mild,-0.08,0,0.014,1.701841515,0.8666112,2.604411053,2.5,52.02%,47.98%,58.42%,41.58%,-10.43%,10.43%,10.43%,Under 2.5,STRONG PLAY,
21,Portugal,DR Congo,NRG Stadium,18.6,2.84,1.2,0.89,0.88537,2.058148,1.076,3.134148,0.062,0.002,0.032,extreme,0,0.05,-0.168,2.185753176,1.1320596,2.76042023,2.5,39.38%,60.62%,57.43%,42.57%,3.19%,-3.19%,3.19%,Over 2.5,WATCH,
22,England,Croatia,AT&T Stadium,8.2,2.38,2.56,0.43,0.78,1.74,1.708,3.448,0.132,-0.07,0.031,mild,0,0,0.031,1.96968,1.58844,3.66842172,2.5,33.06%,66.94%,44.12%,55.88%,22.83%,-22.83%,22.83%,Over 2.5,REVIEW,CHECK INPUTS
23,Ghana,Panama,BMO Field,8.5,1.344,1.5573,0.6978216667,1.173091034,1.275636414,1.213508667,2.48914508,0.12,-0.132,-0.006,mild,-0.1,-0.1,-0.006,1.285841505,0.9479929704,2.220431469,2.5,54.66%,45.34%,42.31%,57.69%,3.03%,-3.03%,3.03%,Over 2.5,WATCH,
24,Uzbekistan,Colombia,Estadio Azteca,17.6,1.5486,1.364,1.209060575,1.269760455,1.437064182,1.30202423,2.739088412,0.002,0.132,0.067,altitude,0,0,-0.083,1.43993831,1.473891428,2.67198187,2.5,48.41%,51.59%,48.54%,51.46%,3.05%,-3.05%,3.05%,Over 2.5,WATCH,
25,Czechia,South Africa,Mercedes-Benz Stadium,6.9,1.89,1.3728,1.16,0.5754233333,1.364169333,1.28768,2.651849333,0.002,0.002,0.002,high,-0.08,0,-0.148,1.257545858,1.29025536,2.170726638,2.5,50.55%,49.45%,40.20%,59.80%,9.25%,-9.25%,9.25%,Over 2.5,PLAY,
26,Switzerland,Bosnia and Herzegovina,SoFi Stadium,20.9,1.46,1.72,0.76,1.2,1.356,1.336,2.692,0.01,-0.078,-0.034,mild,-0.08,0,-0.034,1.2599952,1.231792,2.407066435,2.5,49.56%,50.44%,45.54%,54.46%,4.90%,-4.90%,4.90%,Over 2.5,WATCH,
27,Canada,Qatar,BC Place,12.7,1.1136,0.9135,0.7781344828,1.62803908,1.319375632,0.8593537931,2.178729425,0.002,-0.132,-0.065,mild,-0.08,-0.1,-0.065,1.216253233,0.6713271832,1.764887689,2.5,62.84%,37.16%,48.57%,51.43%,-11.41%,11.41%,11.41%,Under 2.5,STRONG PLAY,
28,Mexico,South Korea,Estadio Akron,4.6,1.4007,1.5834,0.8183551724,0.7242045977,1.130101839,1.277382069,2.407483908,0.088,0.132,0.11,high,0.05,0,-0.04,1.291028341,1.445996502,2.627543849,2.5,56.78%,43.22%,40.38%,59.62%,2.84%,-2.84%,2.84%,Over 2.5,PASS,
29,USA,Australia,Lumen Field,0.1,1.3137,0.8352,1.172536207,1.273209655,1.297503862,0.9701344828,2.267638345,0.132,0.088,0.11,mild,0,0.05,0.11,1.468774372,1.108281633,2.860532166,2.5,60.46%,39.54%,47.12%,52.88%,-7.58%,7.58%,7.58%,Under 2.5,PLAY,
30,Scotland,Morocco,Gillette Stadium,12.3,1.32,1.7568,1.66,0.621325,1.04053,1.71808,2.75861,0.132,-0.078,0.027,moderate,-0.08,0,-0.053,1.083649563,1.58406976,2.526330199,2.5,47.94%,52.06%,42.31%,57.69%,9.75%,-9.75%,9.75%,Over 2.5,PLAY,
31,Brazil,Haiti,Lincoln Financial Field,35.1,1.1176,1.1571,1.058183636,1.193854023,1.148101609,1.117533455,2.265635064,0.07,-0.12,-0.025,moderate,0.05,-0.1,-0.105,1.289892158,0.885086496,1.946605895,3.5,80.63%,19.37%,51.82%,48.18%,-32.45%,32.45%,32.45%,Under 3.5,REVIEW,CHECK INPUTS
32,Turkey,Paraguay,Levi's Stadium,6.5,1.51,0.9152,1.4,1.168842727,1.373537091,1.10912,2.482657091,0.002,0.002,0.002,mild,0,0.05,0.002,1.376284165,1.166905152,2.548275696,2.5,54.83%,45.17%,40.20%,59.80%,4.98%,-4.98%,4.98%,Over 2.5,WATCH,
33,Netherlands,Sweden,NRG Stadium,18.3,2.07,1.18,0.75,1.41,1.806,1.008,2.814,0.07,0.068,0.069,extreme,0,-0.08,-0.131,1.93242,0.99042048,2.539948377,2.5,46.61%,53.39%,50.00%,50.00%,3.39%,-3.39%,3.39%,Over 2.5,WATCH,
34,Germany,Côte d'Ivoire,BMO Field,17,2.01,1.4496,0.72,0.53573,1.420292,1.15776,2.578052,0.162,0.068,0.115,mild,-0.08,0.05,0.115,1.51834896,1.298312064,3.140577041,2.5,52.40%,47.60%,52.94%,47.06%,-5.34%,5.34%,5.34%,Under 2.5,WATCH,
35,Ecuador,South Africa,Arrowhead Stadium,19,1.0208,1.3728,1.093724545,0.5754233333,0.8426493333,1.261169818,2.103819152,0.088,0.002,0.045,moderate,0,0,-0.035,0.9168024747,1.263692158,2.10417732,2.5,64.86%,35.14%,56.73%,43.27%,-21.59%,21.59%,21.59%,Under 2.5,REVIEW,CHECK INPUTS
36,Tunisia,Japan,Estadio BBVA,13.7,1.632,1.4094,0.9676516667,0.6755793103,1.249431724,1.232700667,2.482132391,-0.078,0.138,0.03,extreme,0,0,-0.17,1.15197605,1.402813359,2.120475209,2.5,54.84%,45.16%,,,,,0.00%,Under 2.5,PASS,
37,Spain,Saudi Arabia,Mercedes-Benz Stadium,36,2.74,1.3224,0.71,1.161370115,2.108548046,1.07744,3.185988046,0.062,-0.132,-0.035,high,0,-0.1,-0.185,2.239278025,0.841696128,2.510993935,2.5,38.28%,61.72%,,,,,0.00%,Under 2.5,PASS,
38,Belgium,IR Iran,SoFi Stadium,7.5,2.57,1.6443,0.7,1.241031034,2.038412414,1.26658,3.304992414,0.12,-0.132,-0.006,mild,0,0,-0.006,2.283021903,1.09939144,3.362118863,2.5,35.84%,64.16%,,,,,0.00%,Over 2.5,PASS,
39,Uruguay,Cabo Verde,Hard Rock Stadium,20.8,0.9328,1.2096,1.428014545,0.7289333333,0.8512533333,1.296965818,2.148219152,0.068,-0.088,-0.01,extreme,0,0.05,-0.21,0.90913856,1.241974467,1.699379292,2.5,63.66%,36.34%,,,,,0.00%,Under 2.5,PASS,
40,New Zealand,Egypt,BC Place,8.6,0,1.3824,0,0.5459441667,0.2183776667,0.82944,1.047817667,0.002,-0.132,-0.065,mild,0,0.05,-0.065,0.218814422,0.755951616,0.9114062455,2.5,91.07%,8.93%,,,,,0.00%,Under 2.5,PASS,
41,Argentina,Austria,AT&T Stadium,19.9,1.144,1.76,0.873425,0.93,1.0584,1.40537,2.46377,0.07,0.16,0.115,mild,0,-0.08,0.115,1.132488,1.499810864,2.935013233,2.5,55.31%,44.69%,,,,,0.00%,Under 2.5,PASS,
42,France,Iraq,lincoln Financial Field,31.7,2.54,0.957,0.48,1.429955172,2.095982069,0.7662,2.862182069,0.112,-0.042,0.035,moderate,0,0.05,-0.045,2.330732061,0.77072058,2.961887272,2.5,45.48%,54.52%,,,,,0.00%,Under 2.5,PASS,
43,Norway,Senegal,metLife Stadium,1.6,2.21,1.4592,0.87,0.8272333333,1.656893333,1.22352,2.880413333,0.12,0.068,0.094,moderate,-0.08,-0.1,0.014,1.707262891,1.176047424,2.923676659,2.5,45.05%,54.95%,,,,,0.00%,Under 2.5,PASS,
44,Jordan,Algeria,Levi's Stadium,5.9,1.044,1.1808,1.346697701,0.7323058333,0.9193223333,1.24715908,2.166481414,-0.132,-0.078,-0.105,mild,0,0.05,-0.105,0.7979717853,1.207374706,1.79478511,2.5,63.17%,36.83%,,,,,0.00%,Under 2.5,PASS,
45,Portugal,Uzbekistan,NRG Stadium,16.3,2.84,1.5486,0.89,1.209060575,2.18762423,1.28516,3.47278423,0.062,0.002,0.032,extreme,0,0,-0.168,2.323256932,1.28773032,3.004341394,2.5,32.59%,67.41%,,,,,0.00%,Under 2.5,PASS,
46,England,Ghana,Gillette Stadium,30.2,2.38,1.344,0.43,0.6978216667,1.707128667,0.9784,2.685528667,0.132,0.12,0.126,moderate,0,-0.1,0.046,1.932469651,0.9862272,3.052956906,2.5,49.72%,50.28%,,,,,0.00%,Under 2.5,PASS,
47,Panama,Croatia,bmo Field,13.5,1.5573,2.56,1.173091034,0.78,1.24638,2.005236414,3.251616414,-0.132,-0.07,-0.101,mild,-0.1,0,-0.101,0.973672056,1.864869865,2.551849187,2.5,36.92%,63.08%,,,,,0.00%,Under 2.5,PASS,
48,Colombia,DR Congo,Estadio Akron,19.9,1.364,1.2,1.269760455,0.88537,1.172548,1.227904182,2.400452182,0.132,0.002,0.067,high,0,0.05,-0.083,1.327324336,1.29187799,2.401808533,2.5,56.96%,43.04%,,,,,0.00%,Under 2.5,PASS,
49,Switzerland,Canada,BC Place,9.1,1.46,1.1136,0.76,0.7781344828,1.187253793,0.97216,2.159413793,0.01,0.002,0.006,mild,-0.08,-0.08,0.006,1.103196225,0.8961759744,2.011368432,2.5,63.36%,36.64%,,,,,0.00%,Under 2.5,PASS,
50,Bosnia and Herzegovina,Qatar,Lumen Field,0.9,1.72,0.9135,1.2,1.62803908,1.683215632,1.0281,2.711315632,-0.078,-0.132,-0.105,mild,0,-0.1,-0.105,1.551924813,0.80315172,2.107793497,2.5,49.09%,50.91%,,,,,0.00%,Under 2.5,PASS,
51,Scotland,Brazil,hard Rock Stadium,19.2,1.32,1.1176,1.66,1.058183636,1.215273455,1.33456,2.549833455,0.132,0.07,0.101,extreme,-0.08,0.05,-0.099,1.265634387,1.49937816,2.491276304,2.5,53.11%,46.89%,,,,,0.00%,Under 2.5,PASS,
52,Morocco,Haiti,Mercedes-Benz Stadium,28.2,1.7568,1.1571,0.621325,1.193854023,1.531621609,0.94279,2.474411609,-0.078,-0.12,-0.099,high,0,-0.1,-0.249,1.412155124,0.74668968,1.621292448,2.5,55.04%,44.96%,,,,,0.00%,Under 2.5,PASS,
53,Czechia,Mexico,Estadio Azteca,8,1.89,1.4007,1.16,0.8183551724,1.461342069,1.30442,2.765762069,0.002,0.088,0.045,altitude,-0.08,0.05,-0.105,1.347123573,1.490169408,2.539377218,2.5,47.77%,52.23%,,,,,0.00%,Under 2.5,PASS,
54,South Africa,South Korea,Estadio BBVA,10.3,1.3728,1.5834,0.5754233333,0.7242045977,1.113361839,1.180209333,2.293571172,0.002,0.132,0.067,extreme,0,0,-0.133,1.115588563,1.335996965,2.125524653,2.5,59.77%,40.23%,,,,,0.00%,Under 2.5,PASS,
55,Curaçao,Côte d'Ivoire,lincoln Financial Field,23.1,1.4442,1.4496,1.385415517,0.53573,1.080812,1.423926207,2.504738207,-0.132,0.068,-0.032,moderate,-0.1,0.05,-0.112,0.8443303344,1.596790848,2.16771561,2.5,54.26%,45.74%,,,,,0.00%,Under 2.5,PASS,
56,Ecuador,Germany,metLife Stadium,4.5,1.0208,2.01,1.093724545,0.72,0.90048,1.643489818,2.543969818,0.088,0.162,0.125,moderate,0,-0.08,0.045,0.97972224,1.756956355,2.859829132,2.5,53.26%,46.74%,,,,,0.00%,Under 2.5,PASS,
57,Japan,Sweden,AT&T Stadium,13,1.4094,1.18,0.6755793103,1.41,1.40964,0.9782317241,2.387871724,0.138,0.068,0.103,mild,0,-0.08,0.103,1.60417032,0.9611713629,2.829571876,2.5,57.29%,42.71%,,,,,0.00%,Under 2.5,PASS,
58,Tunisia,Netherlands,Arrowhead Stadium,19,1.632,2.07,0.9676516667,0.75,1.2792,1.629060667,2.908260667,-0.078,0.07,-0.004,moderate,0,0,-0.084,1.1794224,1.743094913,2.677025859,2.5,44.41%,55.59%,,,,,0.00%,Under 2.5,PASS,
59,Turkey,USA,SoFi Stadium,3.7,1.51,1.3137,1.4,1.172536207,1.375014483,1.34822,2.723234483,0.002,0.132,0.067,mild,0,0,0.067,1.377764512,1.52618504,3.098514172,2.5,48.80%,51.20%,,,,,0.00%,Under 2.5,PASS,
60,Paraguay,Australia,Levi's Stadium,2.9,0.9152,0.8352,1.168842727,1.273209655,1.058403862,0.9686570909,2.027060953,0.002,0.088,0.045,mild,0.05,0.05,0.045,1.113546703,1.106593861,2.320046889,2.5,66.94%,33.06%,,,,,0.00%,Under 2.5,PASS,
61,Norway,France,Gillette Stadium,18.5,2.21,2.54,0.87,0.48,1.518,1.872,3.39,0.12,0.112,0.116,moderate,-0.08,0,0.036,1.5641472,2.081664,3.777060403,2.5,34.17%,65.83%,,,,,0.00%,Under 2.5,PASS,
62,Senegal,Iraq,bmo Field,14.8,1.4592,0.957,0.8272333333,1.429955172,1.447502069,0.9050933333,2.352595402,0.068,-0.042,0.013,mild,-0.1,0.05,0.013,1.391338989,0.910433384,2.331695414,2.5,58.21%,41.79%,,,,,0.00%,Under 2.5,PASS,
63,Cabo Verde,Saudi Arabia,NRG Stadium,0,1.2096,1.3224,0.7289333333,1.161370115,1.190308046,1.085013333,2.275321379,-0.088,-0.132,-0.11,extreme,0.05,-0.1,-0.31,1.139838985,0.847612416,1.371341467,2.5,60.26%,39.74%,,,,,0.00%,Under 2.5,PASS,
64,Uruguay,Spain,Estadio Akron,15.2,0.9328,2.74,1.428014545,0.71,0.84368,2.215205818,3.058885818,0.068,0.062,0.065,high,0,0,-0.085,0.90105024,2.352548579,2.977042919,2.5,41.01%,58.99%,,,,,0.00%,Under 2.5,PASS,
65,Egypt,IR Iran,Lumen Field,6.8,1.3824,1.6443,0.5459441667,1.241031034,1.325852414,1.204957667,2.53081008,-0.132,-0.132,-0.132,mild,0.05,0,-0.132,1.20838189,1.045903255,1.956719506,2.5,53.59%,46.41%,,,,,0.00%,Under 2.5,PASS,
66,New Zealand,Belgium,BC Place,22.9,0,2.57,0,0.7,0.28,1.542,1.822,0.002,0.12,0.061,mild,0,0,0.061,0.28056,1.72704,2.1300636,2.5,72.47%,27.53%,,,,,0.00%,Under 2.5,PASS,
67,Panama,England,metLife Stadium,21.7,1.5573,2.38,1.173091034,0.43,1.10638,1.897236414,3.003616414,-0.132,0.132,0,moderate,-0.1,0,-0.08,0.864304056,2.14767162,2.771017622,2.5,42.24%,57.76%,,,,,0.00%,Under 2.5,PASS,
68,Croatia,Ghana,lincoln Financial Field,22,2.56,1.344,0.78,0.6978216667,1.815128667,1.1184,2.933528667,-0.07,0.12,0.025,moderate,0,-0.1,-0.055,1.68806966,1.1273472,2.660568933,2.5,43.82%,56.18%,,,,,0.00%,Under 2.5,PASS,
69,Colombia,Portugal,hard Rock Stadium,1.3,1.364,2.84,1.269760455,0.89,1.1744,2.211904182,3.386304182,0.132,0.062,0.097,extreme,0,0,-0.103,1.3294208,2.349042241,3.299581348,2.5,34.24%,65.76%,,,,,0.00%,Under 2.5,PASS,
70,DR Congo,Uzbekistan,mercedes-Benz Stadium,2.3,1.2,1.5486,0.88537,1.209060575,1.20362423,1.283308,2.48693223,0.002,0.002,0.002,high,0.05,0,-0.148,1.266333052,1.285874616,2.174480933,2.5,54.72%,45.28%,,,,,0.00%,Under 2.5,PASS,
71,Algeria,Austria,Arrowhead Stadium,3.2,1.1808,1.76,0.7323058333,0.93,1.08048,1.348922333,2.429402333,-0.078,0.16,0.041,moderate,0.05,-0.08,-0.039,1.046012688,1.439569914,2.388644881,2.5,56.20%,43.80%,,,,,0.00%,Under 2.5,PASS,
72,Jordan,Argentina,AT&T Stadium,29,1.044,1.144,1.346697701,0.873425,0.97577,1.22507908,2.20084908,-0.132,0.07,-0.031,mild,0,0,-0.031,0.84696836,1.310834616,2.090911084,2.5,62.25%,37.75%,,,,,0.00%,Under 2.5,PASS,
73,#N/A,#N/A,,#N/A,#N/A,#N/A,#N/A,#N/A,#N/A,#N/A,#N/A,#N/A,#N/A,#N/A,,#N/A,#N/A,#N/A,#N/A,#N/A,#N/A,,#N/A,#N/A,,,,,0.00%,Under ,PASS,
74,#N/A,#N/A,,#N/A,#N/A,#N/A,#N/A,#N/A,#N/A,#N/A,#N/A,#N/A,#N/A,#N/A,,#N/A,#N/A,#N/A,#N/A,#N/A,#N/A,,#N/A,#N/A,,,,,0.00%,Under ,PASS,
75,#N/A,#N/A,,#N/A,#N/A,#N/A,#N/A,#N/A,#N/A,#N/A,#N/A,#N/A,#N/A,#N/A,,#N/A,#N/A,#N/A,#N/A,#N/A,#N/A,,#N/A,#N/A,,,,,0.00%,Under ,PASS,
76,#N/A,#N/A,,#N/A,#N/A,#N/A,#N/A,#N/A,#N/A,#N/A,#N/A,#N/A,#N/A,#N/A,,#N/A,#N/A,#N/A,#N/A,#N/A,#N/A,,#N/A,#N/A,,,,,0.00%,Under ,PASS,
77,#N/A,#N/A,,#N/A,#N/A,#N/A,#N/A,#N/A,#N/A,#N/A,#N/A,#N/A,#N/A,#N/A,,#N/A,#N/A,#N/A,#N/A,#N/A,#N/A,,#N/A,#N/A,,,,,0.00%,Under ,PASS,
78,#N/A,#N/A,,#N/A,#N/A,#N/A,#N/A,#N/A,#N/A,#N/A,#N/A,#N/A,#N/A,#N/A,,#N/A,#N/A,#N/A,#N/A,#N/A,#N/A,,#N/A,#N/A,,,,,0.00%,Under ,PASS,
79,#N/A,#N/A,,#N/A,#N/A,#N/A,#N/A,#N/A,#N/A,#N/A,#N/A,#N/A,#N/A,#N/A,,#N/A,#N/A,#N/A,#N/A,#N/A,#N/A,,#N/A,#N/A,,,,,0.00%,Under ,PASS,
80,#N/A,#N/A,,#N/A,#N/A,#N/A,#N/A,#N/A,#N/A,#N/A,#N/A,#N/A,#N/A,#N/A,,#N/A,#N/A,#N/A,#N/A,#N/A,#N/A,,#N/A,#N/A,,,,,0.00%,Under ,PASS,
81,#N/A,#N/A,,#N/A,#N/A,#N/A,#N/A,#N/A,#N/A,#N/A,#N/A,#N/A,#N/A,#N/A,,#N/A,#N/A,#N/A,#N/A,#N/A,#N/A,,#N/A,#N/A,,,,,0.00%,Under ,PASS,
82,#N/A,#N/A,,#N/A,#N/A,#N/A,#N/A,#N/A,#N/A,#N/A,#N/A,#N/A,#N/A,#N/A,,#N/A,#N/A,#N/A,#N/A,#N/A,#N/A,,#N/A,#N/A,,,,,0.00%,Under ,PASS,
83,#N/A,#N/A,,#N/A,#N/A,#N/A,#N/A,#N/A,#N/A,#N/A,#N/A,#N/A,#N/A,#N/A,,#N/A,#N/A,#N/A,#N/A,#N/A,#N/A,,#N/A,#N/A,,,,,0.00%,Under ,PASS,
84,#N/A,#N/A,,#N/A,#N/A,#N/A,#N/A,#N/A,#N/A,#N/A,#N/A,#N/A,#N/A,#N/A,,#N/A,#N/A,#N/A,#N/A,#N/A,#N/A,,#N/A,#N/A,,,,,0.00%,Under ,PASS,
85,#N/A,#N/A,,#N/A,#N/A,#N/A,#N/A,#N/A,#N/A,#N/A,#N/A,#N/A,#N/A,#N/A,,#N/A,#N/A,#N/A,#N/A,#N/A,#N/A,,#N/A,#N/A,,,,,0.00%,Under ,PASS,
86,#N/A,#N/A,,#N/A,#N/A,#N/A,#N/A,#N/A,#N/A,#N/A,#N/A,#N/A,#N/A,#N/A,,#N/A,#N/A,#N/A,#N/A,#N/A,#N/A,,#N/A,#N/A,,,,,0.00%,Under ,PASS,
87,#N/A,#N/A,,#N/A,#N/A,#N/A,#N/A,#N/A,#N/A,#N/A,#N/A,#N/A,#N/A,#N/A,,#N/A,#N/A,#N/A,#N/A,#N/A,#N/A,,#N/A,#N/A,,,,,0.00%,Under ,PASS,
88,#N/A,#N/A,,#N/A,#N/A,#N/A,#N/A,#N/A,#N/A,#N/A,#N/A,#N/A,#N/A,#N/A,,#N/A,#N/A,#N/A,#N/A,#N/A,#N/A,,#N/A,#N/A,,,,,0.00%,Under ,PASS,
89,#N/A,#N/A,,#N/A,#N/A,#N/A,#N/A,#N/A,#N/A,#N/A,#N/A,#N/A,#N/A,#N/A,,#N/A,#N/A,#N/A,#N/A,#N/A,#N/A,,#N/A,#N/A,,,,,0.00%,Under ,PASS,
90,#N/A,#N/A,,#N/A,#N/A,#N/A,#N/A,#N/A,#N/A,#N/A,#N/A,#N/A,#N/A,#N/A,,#N/A,#N/A,#N/A,#N/A,#N/A,#N/A,,#N/A,#N/A,,,,,0.00%,Under ,PASS,
91,#N/A,#N/A,,#N/A,#N/A,#N/A,#N/A,#N/A,#N/A,#N/A,#N/A,#N/A,#N/A,#N/A,,#N/A,#N/A,#N/A,#N/A,#N/A,#N/A,,#N/A,#N/A,,,,,0.00%,Under ,PASS,
92,#N/A,#N/A,,#N/A,#N/A,#N/A,#N/A,#N/A,#N/A,#N/A,#N/A,#N/A,#N/A,#N/A,,#N/A,#N/A,#N/A,#N/A,#N/A,#N/A,,#N/A,#N/A,,,,,0.00%,Under ,PASS,
93,#N/A,#N/A,,#N/A,#N/A,#N/A,#N/A,#N/A,#N/A,#N/A,#N/A,#N/A,#N/A,#N/A,,#N/A,#N/A,#N/A,#N/A,#N/A,#N/A,,#N/A,#N/A,,,,,0.00%,Under ,PASS,
94,#N/A,#N/A,,#N/A,#N/A,#N/A,#N/A,#N/A,#N/A,#N/A,#N/A,#N/A,#N/A,#N/A,,#N/A,#N/A,#N/A,#N/A,#N/A,#N/A,,#N/A,#N/A,,,,,0.00%,Under ,PASS,
95,#N/A,#N/A,,#N/A,#N/A,#N/A,#N/A,#N/A,#N/A,#N/A,#N/A,#N/A,#N/A,#N/A,,#N/A,#N/A,#N/A,#N/A,#N/A,#N/A,,#N/A,#N/A,,,,,0.00%,Under ,PASS,
96,#N/A,#N/A,,#N/A,#N/A,#N/A,#N/A,#N/A,#N/A,#N/A,#N/A,#N/A,#N/A,#N/A,,#N/A,#N/A,#N/A,#N/A,#N/A,#N/A,,#N/A,#N/A,,,,,0.00%,Under ,PASS,
97,#N/A,#N/A,,#N/A,#N/A,#N/A,#N/A,#N/A,#N/A,#N/A,#N/A,#N/A,#N/A,#N/A,,#N/A,#N/A,#N/A,#N/A,#N/A,#N/A,,#N/A,#N/A,,,,,0.00%,Under ,PASS,
98,#N/A,#N/A,,#N/A,#N/A,#N/A,#N/A,#N/A,#N/A,#N/A,#N/A,#N/A,#N/A,#N/A,,#N/A,#N/A,#N/A,#N/A,#N/A,#N/A,,#N/A,#N/A,,,,,0.00%,Under ,PASS,
99,#N/A,#N/A,,#N/A,#N/A,#N/A,#N/A,#N/A,#N/A,#N/A,#N/A,#N/A,#N/A,#N/A,,#N/A,#N/A,#N/A,#N/A,#N/A,#N/A,,#N/A,#N/A,,,,,0.00%,Under ,PASS,
100,#N/A,#N/A,,#N/A,#N/A,#N/A,#N/A,#N/A,#N/A,#N/A,#N/A,#N/A,#N/A,#N/A,,#N/A,#N/A,#N/A,#N/A,#N/A,#N/A,,#N/A,#N/A,,,,,0.00%,Under ,PASS,
101,#N/A,#N/A,,#N/A,#N/A,#N/A,#N/A,#N/A,#N/A,#N/A,#N/A,#N/A,#N/A,#N/A,,#N/A,#N/A,#N/A,#N/A,#N/A,#N/A,,#N/A,#N/A,,,,,0.00%,Under ,PASS,
102,#N/A,#N/A,,#N/A,#N/A,#N/A,#N/A,#N/A,#N/A,#N/A,#N/A,#N/A,#N/A,#N/A,,#N/A,#N/A,#N/A,#N/A,#N/A,#N/A,,#N/A,#N/A,,,,,0.00%,Under ,PASS,
103,#N/A,#N/A,,#N/A,#N/A,#N/A,#N/A,#N/A,#N/A,#N/A,#N/A,#N/A,#N/A,#N/A,,#N/A,#N/A,#N/A,#N/A,#N/A,#N/A,,#N/A,#N/A,,,,,0.00%,Under ,PASS,
104,#N/A,#N/A,,#N/A,#N/A,#N/A,#N/A,#N/A,#N/A,#N/A,#N/A,#N/A,#N/A,#N/A,,#N/A,#N/A,#N/A,#N/A,#N/A,#N/A,,#N/A,#N/A,,,,,0.00%,Under ,PASS,