match_id,round,home_team,away_team,elo_diff,gd_blend_diff,xg_blend_diff,form_blend_diff,xgot_for_diff,score_home,score_draw,score_away,P_home_raw,P_draw_raw,P_away_raw,P_draw_adj,excess,P_home_adj,P_away_adj,model_home,model_draw,model_away,market_home_prob,market_draw_prob,market_away_prob,edge_home,edge_draw,edge_away,model_home_adv,model_away_adv,market_home_toadv,market_away_toadv,edge_home_adv,edge_away_adv,model_90_pick,model_adv_pick,upset_alert,best_value,best_edge,signal,90_min_result,advanced,model_90_hit,model_adv_hit
73,RO32,South Africa,Canada,-10.67,-1.65,-1.01,-0.77,-2.20,-1.17,0.12,1.05,0.3114272945,1.126737275,2.850596536,26.27%,73.73%,9.85%,90.15%,18.74%,33.95%,47.30%,16.67%,26.47%,56.86%,2.07%,9.36%,-9.56%,33.30%,66.70%,25.74%,74.26%,7.56%,-7.56%,Canada,Canada,,South Africa,7.56%,PLAY,Canada,Canada,YES,YES
74,RO32,Brazil,Japan,8.15,-0.79,-0.18,0.81,1.06,0.80,0.72,-1.52,2.229300249,2.049251847,0.2189343527,45.56%,54.44%,91.06%,8.94%,43.83%,34.85%,21.31%,56.86%,25.49%,17.65%,-13.03%,11.94%,3.66%,63.22%,36.78%,73.27%,26.73%,-10.05%,10.05%,Brazil,Brazil,WATCH,Japan,10.05%,STRONG PLAY,Brazil,Brazil,YES,YES
75,RO32,Germany,Paraguay,17.34,2.96,1.57,1.32,2.54,3.06,0.65,-3.71,21.24043178,1.924261339,0.02446175181,8.30%,91.70%,99.88%,0.12%,58.63%,29.76%,11.62%,73.27%,17.82%,8.91%,-14.64%,11.94%,2.71%,76.48%,23.52%,85.15%,14.85%,-8.67%,8.67%,Germany,Germany,,Paraguay,8.67%,PLAY,Draw,Paraguay,NO,NO
76,RO32,Netherlands,Morocco,3.75,0.83,0.48,0.41,1.17,1.16,0.40,-1.56,3.174847895,1.498562509,0.2101889175,30.69%,69.31%,93.79%,6.21%,37.22%,36.00%,26.78%,42.16%,31.37%,26.47%,-4.94%,4.63%,0.31%,56.16%,43.84%,60.40%,39.60%,-4.24%,4.24%,Draw,Netherlands,UPSET LIVE,Morocco,4.24%,WATCH,Draw,Morocco,YES,NO
77,RO32,Côte d'Ivoire,Norway,-8.56,-0.48,-0.74,-0.21,-0.61,-0.04,-0.05,0.09,0.9575992696,0.9524674401,1.096555142,31.68%,68.32%,46.62%,53.38%,22.26%,35.12%,42.62%,26.47%,27.45%,46.08%,-4.21%,7.67%,-3.46%,38.03%,61.97%,36.00%,64.00%,2.03%,-2.03%,Norway,Norway,WATCH,Côte d'Ivoire,2.03%,PASS,Norway,Norway,YES,YES
78,RO32,France,Sweden,28.38,2.26,1.12,1.36,0.78,2.77,1.12,-3.89,15.90648021,3.077782329,0.02042365003,16.19%,83.81%,99.87%,0.13%,83.20%,14.78%,2.02%,76.47%,15.69%,7.84%,6.73%,-0.91%,-5.82%,92.07%,7.93%,88.00%,12.00%,4.07%,-4.07%,France,France,,France,4.07%,WATCH,France,France,YES,YES
79,RO32,Mexico,Ecuador,-0.23,1.48,-0.14,1.15,0.20,2.27,-0.15,-2.12,9.653905451,0.8587969048,0.1206107059,8.08%,91.92%,98.77%,1.23%,44.64%,34.66%,20.70%,43.14%,33.33%,23.53%,1.50%,1.33%,-2.83%,64.04%,35.96%,63.37%,36.63%,0.67%,-0.67%,Mexico,Mexico,WATCH,Mexico,0.67%,PASS,Mexico,Mexico,YES,YES
80,RO32,England,DR Congo,23.29,1.35,0.94,0.92,0.76,1.89,1.13,-3.02,6.60547887,3.087493763,0.04903141232,31.69%,68.31%,99.26%,0.74%,69.65%,25.38%,4.97%,75.49%,17.65%,6.86%,-5.84%,7.73%,-1.89%,84.88%,15.12%,88.00%,12.00%,-3.12%,3.12%,England,England,,DR Congo,3.12%,WATCH,England,England,YES,YES
81,RO32,Belgium,Senegal,7.62,2.01,0.70,0.33,-0.29,1.64,0.36,-2.00,5.134577345,1.434518451,0.135751729,21.40%,78.60%,97.42%,2.58%,35.45%,36.17%,28.38%,45.10%,29.41%,25.49%,-9.65%,6.76%,2.89%,54.18%,45.82%,60.00%,40.00%,-5.82%,5.82%,Draw,Belgium,UPSET LIVE,Senegal,5.82%,WATCH,Draw,Belgium,YES,YES
82,RO32,USA,Bosnia and Herzegovina,17.61,1.08,0.51,0.90,1.33,1.77,0.85,-2.61,5.847148154,2.33162636,0.0733488529,28.25%,71.75%,98.76%,1.24%,63.48%,27.42%,9.11%,70.59%,18.63%,10.78%,-7.11%,8.79%,-1.67%,79.93%,20.07%,83.17%,16.83%,-3.24%,3.24%,USA,USA,,Bosnia and Herzegovina,3.24%,WATCH,USA,USA,YES,YES
83,RO32,Spain,Austria,21.81,1.43,0.73,0.95,0.85,1.97,0.99,-2.96,7.194601575,2.689487663,0.0516779022,27.07%,72.93%,99.29%,0.71%,71.13%,23.10%,5.77%,72.55%,18.63%,8.82%,-1.42%,4.47%,-3.05%,84.99%,15.01%,87.13%,12.87%,-2.14%,2.14%,Spain,Spain,,Austria,2.14%,PASS,Spain,Spain,YES,YES
84,RO32,Portugal,Croatia,6.09,1.61,0.36,0.00,0.62,1.12,0.33,-1.46,3.07566029,1.396773897,0.2327604053,29.69%,70.31%,92.96%,7.04%,33.37%,36.29%,30.34%,57.28%,26.21%,16.50%,-23.91%,10.08%,13.84%,51.79%,48.21%,70.30%,29.70%,-18.51%,18.51%,Draw,Portugal,UPSET LIVE,Croatia,18.51%,REVIEW,Portugal,Portugal,NO,YES
85,RO32,Switzerland,Algeria,12.78,2.00,0.63,0.74,0.27,2.05,0.50,-2.55,7.788703604,1.651898157,0.07771558575,17.35%,82.65%,99.01%,0.99%,38.56%,35.83%,25.61%,49.02%,30.39%,20.59%,-10.46%,5.44%,5.02%,57.63%,42.37%,66.34%,33.66%,-8.71%,8.71%,Draw,Switzerland,WATCH,Algeria,8.71%,PLAY,Switzerland,Switzerland,NO,YES
86,RO32,Australia,Egypt,3.68,0.62,-0.54,-0.43,-0.62,0.25,0.27,-0.51,1.280116661,1.307451624,0.5975048972,41.05%,58.95%,68.18%,31.82%,24.04%,35.54%,40.42%,27.45%,33.33%,39.22%,-3.41%,2.21%,1.20%,40.35%,59.65%,43.56%,56.44%,-3.21%,3.21%,Draw,Egypt,WATCH,Egypt,3.21%,WATCH,Draw,Egypt,YES,YES
87,RO32,Argentina,Cabo Verde,34.74,2.22,0.70,1.73,1.22,3.14,1.23,-4.37,23.13304459,3.418740626,0.01264294396,12.87%,87.13%,99.95%,0.05%,73.43%,21.66%,4.91%,84.31%,10.78%,4.90%,-10.88%,10.88%,0.01%,86.43%,13.57%,92.08%,7.92%,-5.65%,5.65%,Argentina,Argentina,,Cabo Verde,5.65%,WATCH,Draw,Argentina,NO,YES
88,RO32,Colombia,Ghana,29.65,1.88,0.52,0.82,0.49,2.07,1.16,-3.22,7.887257001,3.184479656,0.03981049048,28.66%,71.34%,99.50%,0.50%,48.27%,38.88%,12.85%,66.99%,22.33%,10.68%,-18.72%,16.55%,2.17%,71.15%,28.85%,79.21%,20.79%,-8.06%,8.06%,Colombia,Colombia,,Ghana,8.06%,PLAY,Colombia,Colombia,YES,YES
89,RO16,Canada,Morocco,-12.00,0.26,0.69,-0.26,1.10,0.19,0.04,-0.23,1.211196788,1.04170892,0.7926311151,34.20%,65.80%,60.44%,39.56%,38.61%,35.83%,25.56%,20.00%,28.00%,52.00%,18.61%,7.83%,-26.44%,57.70%,42.30%,28.71%,71.29%,28.99%,-28.99%,Draw,Canada,WATCH,Canada,28.99%,REVIEW,Morocco,Morocco,NO,NO
90,RO16,Paraguay,France,-25.26,-3.04,-1.59,-1.83,-2.14,-2.88,-0.19,3.07,0.05591087444,0.8307541915,21.53806591,3.70%,96.30%,0.26%,99.74%,4.02%,19.93%,76.05%,4.90%,12.75%,82.35%,-0.88%,7.18%,-6.30%,11.99%,88.01%,8.91%,91.09%,3.08%,-3.08%,France,France,,Paraguay,3.08%,WATCH,France,France,YES,YES
91,RO16,Brazil,Norway,11.86,-0.32,-0.90,0.51,0.83,0.77,0.60,-1.36,2.15149785,1.815013388,0.2561158363,42.98%,57.02%,89.36%,10.64%,37.19%,36.00%,26.81%,53.40%,26.21%,20.39%,-16.21%,9.79%,6.42%,56.13%,43.87%,70.30%,29.70%,-14.17%,14.17%,Draw,Brazil,UPSET LIVE,Norway,14.17%,STRONG PLAY,Norway,Norway,NO,NO
92,RO16,Mexico,England,-9.61,0.08,-0.79,0.30,-0.39,0.76,-0.29,-0.47,2.128186581,0.7493612137,0.6271030302,21.38%,78.62%,77.24%,22.76%,19.83%,34.37%,45.80%,31.37%,29.41%,39.22%,-11.54%,4.96%,6.58%,34.79%,65.21%,48.00%,52.00%,-13.21%,13.21%,England,England,,England,13.21%,STRONG PLAY,England,England,YES,YES
93,RO16,Portugal,Spain,-9.26,0.35,-0.29,-0.51,-0.22,0.04,-0.11,0.07,1.037335524,0.8974087308,1.074282962,29.82%,70.18%,49.13%,50.87%,13.68%,31.29%,55.02%,23.53%,26.47%,50.00%,-9.85%,4.82%,5.02%,26.20%,73.80%,33.66%,66.34%,-7.46%,7.46%,Spain,Spain,,Spain,7.46%,PLAY,Spain,Spain,YES,YES
94,RO16,USA,Belgium,-7.72,-1.23,-0.85,0.29,0.21,0.11,0.06,-0.18,1.121552462,1.063242132,0.8387738067,35.17%,64.83%,57.21%,42.79%,21.19%,34.82%,43.99%,36.89%,28.16%,34.95%,-15.70%,6.66%,9.04%,36.61%,63.39%,52.48%,47.52%,-15.87%,15.87%,Belgium,Belgium,WATCH,Belgium,15.87%,REVIEW,Belgium,Belgium,YES,YES
95,RO16,Argentina,Egypt,25.01,1.61,0.37,1.05,0.52,2.18,0.97,-3.14,8.8154119,2.632516917,0.04308834368,22.91%,77.09%,99.51%,0.49%,70.52%,23.47%,6.01%,71.29%,19.80%,8.91%,-0.77%,3.67%,-2.90%,84.61%,15.39%,84.16%,15.84%,0.45%,-0.45%,Argentina,Argentina,,Argentina,0.45%,PASS,Argentina,Argentina,YES,YES
96,RO16,Switzerland,Colombia,-4.95,-0.31,0.43,0.23,0.64,0.42,0.32,-0.74,1.526069856,1.37863296,0.4753721658,40.79%,59.21%,76.25%,23.75%,31.21%,36.31%,32.48%,26.47%,31.37%,42.16%,4.74%,4.94%,-9.68%,49.25%,50.75%,39.22%,60.78%,10.03%,-10.03%,Draw,Colombia,UPSET LIVE,Switzerland,10.03%,STRONG PLAY,Draw,Switzerland,YES,NO
97,Quarters,France,Morocco,11.17,1.61,0.80,0.70,0.76,1.81,0.58,-2.39,6.110403608,1.780075149,0.09193171157,22.30%,77.70%,98.52%,1.48%,59.08%,29.55%,11.37%,60.78%,24.51%,14.71%,-1.70%,5.04%,-3.34%,76.81%,23.19%,77.23%,22.77%,-0.42%,0.42%,France,France,,Morocco,0.42%,PASS,France,France,YES,YES
98,Quarters,Spain,Belgium,12.77,-0.31,-0.23,0.38,-0.16,0.60,0.83,-1.43,1.823448628,2.285400193,0.2399943558,52.55%,47.45%,88.37%,11.63%,51.99%,32.44%,15.57%,58.82%,24.51%,16.67%,-6.83%,7.93%,-1.10%,71.16%,28.84%,73.27%,26.73%,-2.11%,2.11%,Spain,Spain,,Belgium,2.11%,PASS,Spain,Spain,YES,YES
99,Quarters,Norway,England,-12.75,-0.30,-0.02,-0.18,0.10,0.04,-0.06,0.02,1.042883074,0.9373450923,1.023107644,31.21%,68.79%,50.48%,49.52%,12.71%,30.61%,56.68%,23.53%,26.47%,50.00%,-10.82%,4.14%,6.68%,24.96%,75.04%,35.64%,64.36%,-10.68%,10.68%,England,England,,England,10.68%,STRONG PLAY,Draw,England,NO,YES
100,Quarters,Argentina,Switzerland,12.03,0.48,-0.20,0.41,-0.08,1.01,0.63,-1.64,2.746378072,1.872944309,0.1944185114,38.91%,61.09%,93.39%,6.61%,47.80%,33.81%,18.39%,57.43%,26.73%,15.84%,-9.63%,7.08%,2.55%,67.20%,32.80%,74.26%,25.74%,-7.06%,7.06%,Argentina,Argentina,,Switzerland,7.06%,PLAY,Draw,Argentina,NO,YES
101,Semi-final,France,Spain,-1.07,1.00,0.04,0.69,0.75,1.56,0.02,-1.58,4.750341461,1.023014446,0.2057753766,17.11%,82.89%,95.85%,4.15%,24.42%,35.62%,39.96%,41.58%,29.70%,28.71%,-17.16%,5.92%,11.25%,0.4084,0.5916,59.41%,40.59%,-18.57%,18.57%,Draw,Spain,WATCH,Spain,18.57%,REVIEW,Spain,Spain,NO,YES
102,Semi-final,Argentina,England,4.59,0.30,-0.46,0.37,-0.18,0.91,0.30,-1.21,2.483299236,1.355169219,0.2971719521,32.77%,67.23%,89.31%,10.69%,31.36%,36.31%,32.33%,35.92%,33.01%,31.07%,-4.56%,3.30%,1.26%,0.4943,0.5057,53.47%,46.53%,-4.04%,4.04%,Draw,England,UPSET LIVE,England,4.04%,WATCH,Argentina,Argentina,NO,NO
103,Third Place,France,England,4.69,1.22,0.02,0.62,0.54,1.59,0.21,-1.79,4.892394777,1.227836723,0.1664671246,19.53%,80.47%,96.71%,3.29%,31.91%,36.31%,31.78%,51.96%,24.51%,23.53%,-20.05%,11.80%,8.25%,0.5007,0.4993,66.34%,33.66%,-16.27%,16.27%,Draw,France,UPSET LIVE,England,16.27%,REVIEW,England,England,NO,NO
104,Final,Spain,Argentina,1.16,-0.08,0.45,-0.44,-0.03,-0.15,0.59,-0.44,0.8566527781,1.807191387,0.6460082629,54.60%,45.40%,57.01%,42.99%,40.54%,35.52%,23.93%,42.16%,31.37%,26.47%,-1.62%,4.15%,-2.54%,0.5978,0.4022,56.44%,43.56%,3.34%,-3.34%,Draw,Spain,WATCH,,,,Draw,Spain,YES,YES
,,,,,,,,,,,,,,,,,,,,,,,,,,,,,,,,,,,,,,,,,ML Hit Rate:,21/32 (65.6%),25/32 (78.1%)