match_id,match,city,stage,model_home,model_draw,model_away,market_home,market_draw,market_away,edge_home,edge_draw,edge_away,best_value,best_edge,signal,review_flag,weak_schedule_match,draw_play_filter,model_pick,prob_pick,strength_gap,upset_alert,ou_line,total_exp_goals,model_over,model_under,market_over,market_under,edge_over,edge_under,ou_best_edge,ou_best_value,ou_signal,ou_review_flag
1,Mexico vs South Africa,Mexico City,Group Stage,59.35%,25.53%,15.12%,67.96%,20.39%,11.65%,-8.61%,5.14%,3.47%,Draw,5.14%,WATCH,,FLAG,,Mexico,Home,1.3675,,2.5,2.221611402,38.31%,61.69%,44.55%,55.45%,-6.25%,6.25%,6.25%,Under 2.5,PLAY,
2,South Korea vs Czechia,Guadalajara,Group Stage,52.58%,28.98%,18.44%,36.27%,30.39%,33.33%,16.31%,-1.41%,-14.90%,South Korea,16.31%,REVIEW,CHECK INPUTS,FLAG,,South Korea,Home,1.048,,2.5,2.837721839,53.95%,46.05%,42.57%,57.43%,11.37%,-11.37%,11.37%,Over 2.5,STRONG PLAY,
3,Canada vs Bosnia and Herzegovina,Toronto,Group Stage,54.32%,26.46%,19.22%,53.92%,25.49%,20.59%,0.40%,0.97%,-1.37%,Draw,0.97%,PASS,,,,Canada,Home,1.039,,2.5,2.491413793,45.40%,54.60%,43.56%,56.44%,1.83%,-1.83%,1.83%,Over 2.5,PASS,
4,USA vs Paraguay,Los Angeles,Group Stage,42.77%,29.16%,28.07%,48.54%,28.16%,23.30%,-5.78%,1.00%,4.77%,Paraguay,4.77%,WATCH,,,,Draw,Home,0.421,,2.5,2.273891574,39.70%,60.30%,40.59%,59.41%,-0.89%,0.89%,0.89%,Under 2.5,PASS,
5,Qatar vs Switzerland,San Francisco Bay Area,Group Stage,5.11%,23.46%,71.43%,7.84%,13.73%,78.43%,-2.73%,9.73%,-7.00%,Draw,9.73%,REVIEW,,FLAG,BLOCK DRAW,Switzerland,Away,2.637,,2.5,2.379315632,42.49%,57.51%,58.42%,41.58%,-15.93%,15.93%,15.93%,Under 2.5,REVIEW,CHECK INPUTS
6,Brazil vs Morocco,New York/New Jersey,Group Stage,23.03%,27.93%,49.04%,57.84%,24.51%,17.65%,-34.82%,3.42%,31.40%,Morocco,31.40%,REVIEW,CHECK INPUTS,FLAG,,Morocco,Away,0.756,UPSET ALERT,2.5,2.396443455,42.94%,57.06%,46.53%,53.47%,-3.60%,3.60%,3.60%,Under 2.5,WATCH,
7,Haiti vs Scotland,Boston,Group Stage,23.75%,25.23%,51.02%,14.56%,21.36%,64.08%,9.19%,3.87%,-13.06%,Haiti,9.19%,PLAY,,,,Scotland,Away,0.7645,,2.5,2.627801609,48.85%,51.15%,51.49%,48.51%,-2.63%,2.63%,2.63%,Under 2.5,PASS,
8,Australia vs Turkey,Vancouver,Group Stage,36.74%,28.92%,34.34%,18.45%,25.24%,56.31%,18.29%,3.68%,-21.97%,Australia,18.29%,REVIEW,CHECK INPUTS,FLAG,,Australia,Home,0.0675,,2.5,2.476403862,45.01%,54.99%,47.52%,52.48%,-2.51%,2.51%,2.51%,Under 2.5,PASS,
9,Germany vs Curaçao,Houston,Group Stage,81.17%,18.00%,0.83%,91.35%,4.81%,3.85%,-10.18%,13.19%,-3.01%,Draw,13.19%,REVIEW,,FLAG,BLOCK DRAW,Germany,Home,4.578,,4.5,2.914686207,17.06%,82.94%,44.55%,55.45%,-27.49%,27.49%,27.49%,Under 4.5,REVIEW,CHECK INPUTS
10,Netherlands vs Japan,Dallas,Group Stage,41.96%,28.41%,29.63%,48.04%,25.49%,26.47%,-6.08%,2.92%,3.16%,Japan,3.16%,WATCH,,FLAG,,Netherlands,Home,0.348,,2.5,2.657871724,49.60%,50.40%,49.50%,50.50%,0.10%,-0.10%,0.10%,Over 2.5,PASS,
11,Côte d'Ivoire vs Ecuador,Philadelphia,Group Stage,34.09%,26.25%,39.66%,26.47%,33.33%,40.20%,7.62%,-7.08%,-0.53%,Côte d'Ivoire,7.62%,PLAY,,FLAG,,Ecuador,Away,0.1515,,1.5,2.134021818,62.91%,37.09%,60.40%,39.60%,2.51%,-2.51%,2.51%,Over 1.5,PASS,
12,Sweden vs Tunisia,Monterrey,Group Stage,32.31%,29.79%,37.90%,50.50%,27.72%,21.78%,-18.18%,2.07%,16.12%,Tunisia,16.12%,REVIEW,CHECK INPUTS,FLAG,,Draw,Away,0.1595,UPSET ALERT,2.5,2.638260667,49.11%,50.89%,41.58%,58.42%,7.53%,-7.53%,7.53%,Over 2.5,PLAY,
13,Spain vs Cabo Verde,Atlanta,Group Stage,78.83%,19.20%,1.97%,89.22%,6.86%,3.92%,-10.39%,12.34%,-1.95%,Draw,12.34%,REVIEW,,FLAG,BLOCK DRAW,Spain,Home,3.688,,3.5,2.945333333,34.05%,65.95%,49.50%,50.50%,-15.45%,15.45%,15.45%,Under 3.5,REVIEW,CHECK INPUTS
14,Belgium vs Egypt,Seattle,Group Stage,65.70%,25.71%,8.59%,57.84%,24.51%,17.65%,7.85%,1.20%,-9.05%,Belgium,7.85%,PLAY,,FLAG,,Belgium,Home,2.034,,2.5,2.869817667,54.70%,45.30%,47.52%,52.48%,7.18%,-7.18%,7.18%,Over 2.5,PLAY,
15,Saudi Arabia vs Uruguay,Miami,Group Stage,18.27%,23.76%,57.97%,13.59%,21.36%,65.05%,4.67%,2.40%,-7.07%,Saudi Arabia,4.67%,WATCH,,FLAG,,Uruguay,Away,1.155,,2.5,2.388873864,42.74%,57.26%,47.52%,52.48%,-4.79%,4.79%,4.79%,Under 2.5,WATCH,
16,IR Iran vs New Zealand,Los Angeles,Group Stage,59.40%,25.38%,15.22%,50.51%,28.28%,21.21%,8.90%,-2.90%,-6.00%,IR Iran,8.90%,PLAY,,,,IR Iran,Home,1.362,,2.5,1.482992414,18.69%,81.31%,39.60%,60.40%,-20.91%,20.91%,20.91%,Under 2.5,REVIEW,CHECK INPUTS
17,France vs Senegal,New York/New Jersey,Group Stage,67.33%,24.93%,7.74%,67.33%,20.79%,11.88%,0.00%,4.14%,-4.14%,Draw,4.14%,WATCH,,FLAG,,France,Home,2.163,,2.5,2.922413333,55.92%,44.08%,49.50%,50.50%,6.42%,-6.42%,6.42%,Over 2.5,PLAY,
18,Iraq vs Norway,Boston,Group Stage,6.98%,26.04%,66.98%,6.86%,13.73%,79.41%,0.12%,12.31%,-12.43%,Draw,12.31%,REVIEW,,FLAG,BLOCK DRAW,Norway,Away,2.261,,2.5,2.820182069,53.53%,46.47%,59.41%,40.59%,-5.87%,5.87%,5.87%,Under 2.5,WATCH,
19,Argentina vs Algeria,Kansas City,Group Stage,62.37%,23.07%,14.56%,70.30%,20.79%,8.91%,-7.93%,2.28%,5.65%,Algeria,5.65%,WATCH,,FLAG,,Argentina,Home,1.4545,,2.5,2.037172333,33.34%,66.66%,49.50%,50.50%,-16.17%,16.17%,16.17%,Under 2.5,REVIEW,CHECK INPUTS
20,Austria vs Jordan,San Francisco Bay Area,Group Stage,50.70%,27.27%,22.03%,72.55%,16.67%,10.78%,-21.85%,10.60%,11.25%,Jordan,11.25%,STRONG PLAY,,FLAG,,Draw,Home,0.8335,,2.5,2.59307908,47.98%,52.02%,58.42%,41.58%,-10.43%,10.43%,10.43%,Under 2.5,STRONG PLAY,
21,Portugal vs DR Congo,Houston,Group Stage,67.42%,24.42%,8.16%,78.00%,16.00%,6.00%,-10.58%,8.42%,2.16%,Draw,8.42%,PLAY,,FLAG,,Portugal,Home,2.112,,2.5,3.134148,60.62%,39.38%,57.43%,42.57%,3.19%,-3.19%,3.19%,Over 2.5,WATCH,
22,England vs Croatia,Dallas,Group Stage,49.79%,27.54%,22.67%,55.45%,24.75%,19.80%,-5.66%,2.79%,2.87%,Croatia,2.87%,PASS,,,,England,Home,0.7865,,2.5,3.448,66.94%,33.06%,44.12%,55.88%,22.83%,-22.83%,22.83%,Over 2.5,REVIEW,CHECK INPUTS
23,Ghana vs Panama,Toronto,Group Stage,19.96%,27.45%,52.59%,46.08%,27.45%,26.47%,-26.11%,0.00%,26.12%,Panama,26.12%,REVIEW,CHECK INPUTS,FLAG,,Panama,Away,0.9685,UPSET ALERT,2.5,2.48914508,45.34%,54.66%,42.31%,57.69%,3.03%,-3.03%,3.03%,Over 2.5,WATCH,
24,Uzbekistan vs Colombia,Mexico City,Group Stage,18.78%,24.72%,56.50%,10.89%,19.80%,69.31%,7.89%,4.92%,-12.81%,Uzbekistan,7.89%,PLAY,,FLAG,,Draw,Away,1.1015,,2.5,2.739088412,51.59%,48.41%,48.54%,51.46%,3.05%,-3.05%,3.05%,Over 2.5,WATCH,
25,Czechia vs South Africa,Atlanta,Group Stage,38.28%,27.93%,33.79%,49.02%,28.43%,22.55%,-10.74%,-0.50%,11.24%,South Africa,11.24%,STRONG PLAY,,FLAG,,Czechia,Home,0.125,,2.5,2.651849333,49.45%,50.55%,40.20%,59.80%,9.25%,-9.25%,9.25%,Over 2.5,PLAY,
26,Switzerland vs Bosnia and Herzegovina,Los Angeles,Group Stage,66.01%,23.73%,10.26%,59.00%,24.00%,17.00%,7.01%,-0.27%,-6.74%,Switzerland,7.01%,PLAY,,,,Switzerland,Home,1.862,,2.5,2.692,50.44%,49.56%,45.54%,54.46%,4.90%,-4.90%,4.90%,Over 2.5,WATCH,
27,Canada vs Qatar,Vancouver,Group Stage,63.47%,26.19%,10.34%,73.53%,17.65%,8.82%,-10.06%,8.54%,1.52%,Draw,8.54%,PLAY,,FLAG,,Canada,Home,1.814,,2.5,2.178729425,37.16%,62.84%,48.57%,51.43%,-11.41%,11.41%,11.41%,Under 2.5,STRONG PLAY,
28,Mexico vs South Korea,Guadalajara,Group Stage,39.15%,28.62%,32.23%,53.40%,26.21%,20.39%,-14.25%,2.41%,11.84%,South Korea,11.84%,STRONG PLAY,,FLAG,,Mexico,Home,0.1945,,2.5,2.407483908,43.22%,56.78%,40.38%,59.62%,2.84%,-2.84%,2.84%,Over 2.5,PASS,
29,USA vs Australia,Seattle,Group Stage,25.51%,29.97%,44.52%,55.45%,23.76%,20.79%,-29.94%,6.21%,23.73%,Australia,23.73%,REVIEW,CHECK INPUTS,FLAG,,Draw,Away,0.557,UPSET ALERT,2.5,2.267638345,39.54%,60.46%,47.12%,52.88%,-7.58%,7.58%,7.58%,Under 2.5,PLAY,
30,Scotland vs Morocco,Boston,Group Stage,13.25%,26.31%,60.44%,22.77%,28.71%,48.51%,-9.52%,-2.40%,11.92%,Morocco,11.92%,STRONG PLAY,,FLAG,,Morocco,Away,1.5175,UPSET ALERT,2.5,2.75861,52.06%,47.94%,42.31%,57.69%,9.75%,-9.75%,9.75%,Over 2.5,PLAY,
31,Brazil vs Haiti,Philadelphia,Group Stage,66.15%,19.47%,14.38%,89.22%,5.88%,4.90%,-23.07%,13.59%,9.48%,Draw,13.59%,REVIEW,,,BLOCK DRAW,Brazil,Home,1.526,,3.5,2.265635064,19.37%,80.63%,51.82%,48.18%,-32.45%,32.45%,32.45%,Under 3.5,REVIEW,CHECK INPUTS
32,Turkey vs Paraguay,San Francisco Bay Area,Group Stage,51.31%,28.05%,20.64%,43.14%,29.41%,27.45%,8.17%,-1.36%,-6.81%,Turkey,8.17%,PLAY,,,,Turkey,Home,0.9105,,2.5,2.482657091,45.17%,54.83%,40.20%,59.80%,4.98%,-4.98%,4.98%,Over 2.5,WATCH,
33,Netherlands vs Sweden,Houston,Group Stage,67.93%,24.51%,7.56%,58.42%,23.76%,17.82%,9.51%,0.75%,-10.26%,Netherlands,9.51%,PLAY,,,,Netherlands,Home,2.1955,,2.5,2.814,53.39%,46.61%,50.00%,50.00%,3.39%,-3.39%,3.39%,Over 2.5,WATCH,
34,Germany vs Côte d'Ivoire,Toronto,Group Stage,65.95%,24.90%,9.15%,62.38%,21.78%,15.84%,3.57%,3.12%,-6.69%,Germany,3.57%,WATCH,,FLAG,,Germany,Home,1.975,,2.5,2.578052,47.60%,52.40%,52.94%,47.06%,-5.34%,5.34%,5.34%,Under 2.5,WATCH,
35,Ecuador vs South Africa,Kansas City,Group Stage,52.45%,24.30%,23.25%,80.20%,12.87%,6.93%,-27.75%,11.43%,16.32%,South Africa,16.32%,REVIEW,CHECK INPUTS,FLAG,,Draw,Home,0.8135,,2.5,2.103819152,35.14%,64.86%,56.73%,43.27%,-21.59%,21.59%,21.59%,Under 2.5,REVIEW,CHECK INPUTS
36,Tunisia vs Japan,Monterrey,Group Stage,11.56%,25.89%,62.55%,18.00%,27.00%,55.00%,-6.44%,-1.11%,7.55%,Japan,7.55%,PLAY,,,,Japan,Away,1.688,UPSET ALERT,2.5,2.482132391,45.16%,54.84%,,,,,0.00%,#N/A,PASS,
37,Spain vs Saudi Arabia,Atlanta,Group Stage,78.01%,19.20%,2.79%,87.25%,8.82%,3.92%,-9.25%,10.38%,-1.13%,Draw,10.38%,REVIEW,,FLAG,BLOCK DRAW,Spain,Home,3.3295,,2.5,3.185988046,61.72%,38.28%,,,,,0.00%,#N/A,PASS,
38,Belgium vs IR Iran,Los Angeles,Group Stage,61.61%,27.75%,10.64%,69.00%,19.00%,12.00%,-7.39%,8.75%,-1.36%,Draw,8.75%,PLAY,,FLAG,,Belgium,Home,1.7565,,2.5,3.304992414,64.16%,35.84%,,,,,0.00%,#N/A,PASS,
39,Uruguay vs Cabo Verde,Miami,Group Stage,62.48%,23.76%,13.76%,67.33%,20.79%,11.88%,-4.84%,2.97%,1.87%,Draw,2.97%,PASS,,FLAG,,Uruguay,Home,1.5135,,2.5,2.148219152,36.34%,63.66%,,,,,0.00%,#N/A,PASS,
40,New Zealand vs Egypt,Vancouver,Group Stage,18.34%,27.42%,54.24%,20.00%,25.00%,55.00%,-1.66%,2.42%,-0.76%,Draw,2.42%,PASS,,,,Egypt,Away,1.0845,,2.5,1.047817667,8.93%,91.07%,,,,,0.00%,#N/A,PASS,
41,Argentina vs Austria,Dallas,Group Stage,56.84%,24.03%,19.13%,59.41%,24.75%,15.84%,-2.57%,-0.72%,3.29%,Austria,3.29%,WATCH,,,,Argentina,Home,1.089,,2.5,2.46377,44.69%,55.31%,,,,,0.00%,#N/A,PASS,
42,France vs Iraq,Philadelphia,Group Stage,77.09%,20.49%,2.42%,85.29%,10.78%,3.92%,-8.20%,9.71%,-1.51%,Draw,9.71%,REVIEW,,FLAG,BLOCK DRAW,France,Home,3.463,,2.5,2.862182069,54.52%,45.48%,,,,,0.00%,#N/A,PASS,
43,Norway vs Senegal,New York/New Jersey,Group Stage,50.98%,29.52%,19.50%,46.08%,26.47%,27.45%,4.90%,3.05%,-7.95%,Norway,4.90%,WATCH,,FLAG,,Draw,Home,0.961,,2.5,2.880413333,54.95%,45.05%,,,,,0.00%,#N/A,PASS,
44,Jordan vs Algeria,San Francisco Bay Area,Group Stage,27.64%,28.23%,44.13%,14.00%,23.00%,63.00%,13.64%,5.23%,-18.87%,Jordan,13.64%,STRONG PLAY,,,,Draw,Away,0.468,,2.5,2.166481414,36.83%,63.17%,,,,,0.00%,#N/A,PASS,
45,Portugal vs Uzbekistan,Houston,Group Stage,62.71%,25.11%,12.18%,78.22%,13.86%,7.92%,-15.51%,11.25%,4.26%,Draw,11.25%,REVIEW,,FLAG,BLOCK DRAW,Portugal,Home,1.639,,2.5,3.47278423,67.41%,32.59%,,,,,0.00%,#N/A,PASS,
46,England vs Ghana,Boston,Group Stage,75.37%,20.94%,3.69%,74.75%,16.16%,9.09%,0.63%,4.78%,-5.40%,Draw,4.78%,WATCH,,FLAG,,England,Home,3.0175,,2.5,2.685528667,50.28%,49.72%,,,,,0.00%,#N/A,PASS,
47,Panama vs Croatia,Toronto,Group Stage,16.33%,25.95%,57.72%,12.75%,23.53%,63.73%,3.59%,2.42%,-6.01%,Panama,3.59%,WATCH,,,,Croatia,Away,1.2625,,2.5,3.251616414,63.08%,36.92%,,,,,0.00%,#N/A,PASS,
48,Colombia vs DR Congo,Guadalajara,Group Stage,62.94%,24.03%,13.03%,66.00%,22.00%,12.00%,-3.06%,2.03%,1.03%,Draw,2.03%,PASS,,FLAG,,Colombia,Home,1.5745,,2.5,2.400452182,43.04%,56.96%,,,,,0.00%,#N/A,PASS,
49,Switzerland vs Canada,Vancouver,Group Stage,50.54%,27.27%,22.19%,48.48%,23.23%,28.28%,2.05%,4.04%,-6.09%,Draw,4.04%,WATCH,,,,Draw,Home,0.823,,2.5,2.159413793,36.64%,63.36%,,,,,0.00%,#N/A,PASS,
50,Bosnia and Herzegovina vs Qatar,Seattle,Group Stage,48.11%,29.73%,22.16%,62.38%,18.81%,18.81%,-14.27%,10.92%,3.35%,Draw,10.92%,STRONG PLAY,,FLAG,,Draw,Home,0.775,,2.5,2.711315632,50.91%,49.09%,,,,,0.00%,#N/A,PASS,
51,Scotland vs Brazil,Miami,Group Stage,24.12%,24.24%,51.64%,72.28%,17.82%,9.90%,-48.16%,6.42%,41.74%,Brazil,41.74%,REVIEW,CHECK INPUTS,,,Draw,Away,0.7615,UPSET ALERT,2.5,2.549833455,46.89%,53.11%,,,,,0.00%,#N/A,PASS,
52,Morocco vs Haiti,Atlanta,Group Stage,71.19%,21.54%,7.27%,15.15%,22.22%,62.63%,56.04%,-0.68%,-55.36%,Morocco,56.04%,REVIEW,CHECK INPUTS,FLAG,,Morocco,Home,2.282,,2.5,2.474411609,44.96%,55.04%,,,,,0.00%,#N/A,PASS,
53,Czechia vs Mexico,Mexico City,Group Stage,16.22%,27.60%,56.18%,22.77%,27.72%,49.50%,-6.55%,-0.12%,6.68%,Mexico,6.68%,PLAY,,,,Mexico,Away,1.2425,UPSET ALERT,2.5,2.765762069,52.23%,47.77%,,,,,0.00%,#N/A,PASS,
54,South Africa vs South Korea,Monterrey,Group Stage,17.27%,26.91%,55.82%,19.19%,26.26%,54.55%,-1.92%,0.65%,1.27%,South Korea,1.27%,PASS,,,,South Korea,Away,1.173,,2.5,2.293571172,40.23%,59.77%,,,,,0.00%,#N/A,PASS,
55,Curaçao vs Côte d'Ivoire,Philadelphia,Group Stage,5.30%,23.07%,71.63%,19.80%,24.75%,55.45%,-14.50%,-1.68%,16.18%,Côte d'Ivoire,16.18%,REVIEW,CHECK INPUTS,,,Côte d'Ivoire,Away,2.603,UPSET ALERT,2.5,2.504738207,45.74%,54.26%,,,,,0.00%,#N/A,PASS,
56,Ecuador vs Germany,New York/New Jersey,Group Stage,9.92%,28.65%,61.43%,6.86%,14.71%,78.43%,3.06%,13.94%,-17.00%,Draw,13.94%,REVIEW,,,BLOCK DRAW,Germany,Away,1.8235,,2.5,2.543969818,46.74%,53.26%,,,,,0.00%,#N/A,PASS,
57,Japan vs Sweden,Dallas,Group Stage,63.84%,26.10%,10.06%,13.86%,20.79%,65.35%,49.98%,5.31%,-55.28%,Japan,49.98%,REVIEW,CHECK INPUTS,FLAG,,Japan,Home,1.8475,,2.5,2.387871724,42.71%,57.29%,,,,,0.00%,#N/A,PASS,
58,Tunisia vs Netherlands,Kansas City,Group Stage,8.74%,24.30%,66.96%,46.53%,27.72%,25.74%,-37.79%,-3.42%,41.22%,Netherlands,41.22%,REVIEW,CHECK INPUTS,FLAG,,Netherlands,Away,2.036,UPSET ALERT,2.5,2.908260667,55.59%,44.41%,,,,,0.00%,#N/A,PASS,
59,Turkey vs USA,Los Angeles,Group Stage,44.09%,28.89%,27.02%,44.00%,30.00%,26.00%,0.09%,-1.11%,1.02%,USA,1.02%,PASS,,,,Turkey,Home,0.4895,,2.5,2.723234483,51.20%,48.80%,,,,,0.00%,#N/A,PASS,
60,Paraguay vs Australia,San Francisco Bay Area,Group Stage,19.37%,29.13%,51.50%,34.65%,27.72%,37.62%,-15.29%,1.41%,13.88%,Australia,13.88%,STRONG PLAY,,FLAG,,Draw,Away,0.978,UPSET ALERT,2.5,2.027060953,33.06%,66.94%,,,,,0.00%,#N/A,PASS,
61,Norway vs France,Boston,Group Stage,17.46%,24.45%,58.09%,21.57%,25.49%,52.94%,-4.11%,-1.04%,5.15%,France,5.15%,WATCH,,,,France,Away,1.202,,2.5,3.39,65.83%,34.17%,,,,,0.00%,#N/A,PASS,
62,Senegal vs Iraq,Toronto,Group Stage,58.50%,25.56%,15.94%,66.67%,20.59%,12.75%,-8.17%,4.97%,3.20%,Draw,4.97%,WATCH,,,,Senegal,Home,1.3,,2.5,2.352595402,41.79%,58.21%,,,,,0.00%,#N/A,PASS,
63,Cabo Verde vs Saudi Arabia,Houston,Group Stage,28.79%,30.00%,41.21%,16.83%,23.76%,59.41%,11.96%,6.24%,-18.20%,Cabo Verde,11.96%,STRONG PLAY,,,,Draw,Away,0.3585,,2.5,2.275321379,39.74%,60.26%,,,,,0.00%,#N/A,PASS,
64,Uruguay vs Spain,Guadalajara,Group Stage,7.61%,25.44%,66.95%,36.00%,29.00%,35.00%,-28.39%,-3.56%,31.95%,Spain,31.95%,REVIEW,CHECK INPUTS,,,Spain,Away,2.1745,UPSET ALERT,2.5,3.058885818,58.99%,41.01%,,,,,0.00%,#N/A,PASS,
65,Egypt vs IR Iran,Seattle,Group Stage,31.05%,27.96%,40.99%,8.91%,15.84%,75.25%,22.14%,12.12%,-34.26%,Egypt,22.14%,REVIEW,CHECK INPUTS,,,Draw,Away,0.2775,,2.5,2.53081008,46.41%,53.59%,,,,,0.00%,#N/A,PASS,
66,New Zealand vs Belgium,Vancouver,Group Stage,3.26%,23.13%,73.61%,42.00%,32.00%,26.00%,-38.74%,-8.87%,47.61%,Belgium,47.61%,REVIEW,CHECK INPUTS,FLAG,,Belgium,Away,3.1185,UPSET ALERT,2.5,1.822,27.53%,72.47%,,,,,0.00%,#N/A,PASS,
67,Panama vs England,New York/New Jersey,Group Stage,8.73%,23.49%,67.78%,10.00%,14.00%,76.00%,-1.27%,9.49%,-8.22%,Draw,9.49%,REVIEW,,,BLOCK DRAW,England,Away,2.049,,2.5,3.003616414,57.76%,42.24%,,,,,0.00%,#N/A,PASS,
68,Croatia vs Ghana,Philadelphia,Group Stage,69.17%,23.40%,7.43%,58.42%,24.75%,16.83%,10.75%,-1.35%,-9.40%,Croatia,10.75%,STRONG PLAY,,FLAG,,Croatia,Home,2.231,,2.5,2.933528667,56.18%,43.82%,,,,,0.00%,#N/A,PASS,
69,Colombia vs Portugal,Miami,Group Stage,25.96%,29.61%,44.43%,27.00%,26.00%,47.00%,-1.04%,3.61%,-2.57%,Draw,3.61%,WATCH,,,,Draw,Away,0.5375,,2.5,3.386304182,65.76%,34.24%,,,,,0.00%,#N/A,PASS,
70,DR Congo vs Uzbekistan,Atlanta,Group Stage,27.14%,29.31%,43.55%,41.58%,28.71%,29.70%,-14.45%,0.60%,13.85%,Uzbekistan,13.85%,STRONG PLAY,,,,Draw,Away,0.473,UPSET ALERT,2.5,2.48693223,45.28%,54.72%,,,,,0.00%,#N/A,PASS,
71,Algeria vs Austria,Kansas City,Group Stage,29.07%,29.04%,41.89%,6.93%,11.88%,81.19%,22.14%,17.16%,-39.30%,Algeria,22.14%,REVIEW,CHECK INPUTS,FLAG,,Draw,Away,0.3655,,2.5,2.429402333,43.80%,56.20%,,,,,0.00%,#N/A,PASS,
72,Jordan vs Argentina,Dallas,Group Stage,10.04%,21.30%,68.66%,28.43%,30.39%,41.18%,-18.39%,-9.09%,27.48%,Argentina,27.48%,REVIEW,CHECK INPUTS,FLAG,,Argentina,Away,1.9225,UPSET ALERT,2.5,2.20084908,37.75%,62.25%,,,,,0.00%,#N/A,PASS,
73,#N/A,Los Angeles,Round of 32,#N/A,#N/A,#N/A,,,,,,,#N/A,0.00%,#N/A,,,#N/A,#N/A,#N/A,#N/A,#N/A,,,,,,,,,0.00%,#N/A,PASS,
74,#N/A,Houston,Round of 32,#N/A,#N/A,#N/A,,,,,,,#N/A,0.00%,#N/A,,,#N/A,#N/A,#N/A,#N/A,#N/A,,,,,,,,,0.00%,#N/A,PASS,
75,#N/A,Boston,Round of 32,#N/A,#N/A,#N/A,,,,,,,#N/A,0.00%,#N/A,,,#N/A,#N/A,#N/A,#N/A,#N/A,,,,,,,,,0.00%,#N/A,PASS,
76,#N/A,Monterrey,Round of 32,#N/A,#N/A,#N/A,,,,,,,#N/A,0.00%,#N/A,,,#N/A,#N/A,#N/A,#N/A,#N/A,,,,,,,,,0.00%,#N/A,PASS,
77,#N/A,Dallas,Round of 32,#N/A,#N/A,#N/A,,,,,,,#N/A,0.00%,#N/A,,,#N/A,#N/A,#N/A,#N/A,#N/A,,,,,,,,,0.00%,#N/A,PASS,
78,#N/A,New York/New Jersey,Round of 32,#N/A,#N/A,#N/A,,,,,,,#N/A,0.00%,#N/A,,,#N/A,#N/A,#N/A,#N/A,#N/A,,,,,,,,,0.00%,#N/A,PASS,
79,#N/A,Mexico City,Round of 32,#N/A,#N/A,#N/A,,,,,,,#N/A,0.00%,#N/A,,,#N/A,#N/A,#N/A,#N/A,#N/A,,,,,,,,,0.00%,#N/A,PASS,
80,#N/A,Atlanta,Round of 32,#N/A,#N/A,#N/A,,,,,,,#N/A,0.00%,#N/A,,,#N/A,#N/A,#N/A,#N/A,#N/A,,,,,,,,,0.00%,#N/A,PASS,
81,#N/A,Seattle,Round of 32,#N/A,#N/A,#N/A,,,,,,,#N/A,0.00%,#N/A,,,#N/A,#N/A,#N/A,#N/A,#N/A,,,,,,,,,0.00%,#N/A,PASS,
82,#N/A,San Francisco Bay Area,Round of 32,#N/A,#N/A,#N/A,,,,,,,#N/A,0.00%,#N/A,,,#N/A,#N/A,#N/A,#N/A,#N/A,,,,,,,,,0.00%,#N/A,PASS,
83,#N/A,Los Angeles,Round of 32,#N/A,#N/A,#N/A,,,,,,,#N/A,0.00%,#N/A,,,#N/A,#N/A,#N/A,#N/A,#N/A,,,,,,,,,0.00%,#N/A,PASS,
84,#N/A,Toronto,Round of 32,#N/A,#N/A,#N/A,,,,,,,#N/A,0.00%,#N/A,,,#N/A,#N/A,#N/A,#N/A,#N/A,,,,,,,,,0.00%,#N/A,PASS,
85,#N/A,Vancouver,Round of 32,#N/A,#N/A,#N/A,,,,,,,#N/A,0.00%,#N/A,,,#N/A,#N/A,#N/A,#N/A,#N/A,,,,,,,,,0.00%,#N/A,PASS,
86,#N/A,Dallas,Round of 32,#N/A,#N/A,#N/A,,,,,,,#N/A,0.00%,#N/A,,,#N/A,#N/A,#N/A,#N/A,#N/A,,,,,,,,,0.00%,#N/A,PASS,
87,#N/A,Miami,Round of 32,#N/A,#N/A,#N/A,,,,,,,#N/A,0.00%,#N/A,,,#N/A,#N/A,#N/A,#N/A,#N/A,,,,,,,,,0.00%,#N/A,PASS,
88,#N/A,Kansas City,Round of 32,#N/A,#N/A,#N/A,,,,,,,#N/A,0.00%,#N/A,,,#N/A,#N/A,#N/A,#N/A,#N/A,,,,,,,,,0.00%,#N/A,PASS,
89,#N/A,Houston,Round of 16,#N/A,#N/A,#N/A,,,,,,,#N/A,0.00%,#N/A,,,#N/A,#N/A,#N/A,#N/A,#N/A,,,,,,,,,0.00%,#N/A,PASS,
90,#N/A,Philadelphia,Round of 16,#N/A,#N/A,#N/A,,,,,,,#N/A,0.00%,#N/A,,,#N/A,#N/A,#N/A,#N/A,#N/A,,,,,,,,,0.00%,#N/A,PASS,
91,#N/A,New York/New Jersey,Round of 16,#N/A,#N/A,#N/A,,,,,,,#N/A,0.00%,#N/A,,,#N/A,#N/A,#N/A,#N/A,#N/A,,,,,,,,,0.00%,#N/A,PASS,
92,#N/A,Mexico City,Round of 16,#N/A,#N/A,#N/A,,,,,,,#N/A,0.00%,#N/A,,,#N/A,#N/A,#N/A,#N/A,#N/A,,,,,,,,,0.00%,#N/A,PASS,
93,#N/A,Dallas,Round of 16,#N/A,#N/A,#N/A,,,,,,,#N/A,0.00%,#N/A,,,#N/A,#N/A,#N/A,#N/A,#N/A,,,,,,,,,0.00%,#N/A,PASS,
94,#N/A,Seattle,Round of 16,#N/A,#N/A,#N/A,,,,,,,#N/A,0.00%,#N/A,,,#N/A,#N/A,#N/A,#N/A,#N/A,,,,,,,,,0.00%,#N/A,PASS,
95,#N/A,Atlanta,Round of 16,#N/A,#N/A,#N/A,,,,,,,#N/A,0.00%,#N/A,,,#N/A,#N/A,#N/A,#N/A,#N/A,,,,,,,,,0.00%,#N/A,PASS,
96,#N/A,Vancouver,Round of 16,#N/A,#N/A,#N/A,,,,,,,#N/A,0.00%,#N/A,,,#N/A,#N/A,#N/A,#N/A,#N/A,,,,,,,,,0.00%,#N/A,PASS,
97,#N/A,Boston,Quarterfinals,#N/A,#N/A,#N/A,,,,,,,#N/A,0.00%,#N/A,,,#N/A,#N/A,#N/A,#N/A,#N/A,,,,,,,,,0.00%,#N/A,PASS,
98,#N/A,Los Angeles,Quarterfinals,#N/A,#N/A,#N/A,,,,,,,#N/A,0.00%,#N/A,,,#N/A,#N/A,#N/A,#N/A,#N/A,,,,,,,,,0.00%,#N/A,PASS,
99,#N/A,Miami,Quarterfinals,#N/A,#N/A,#N/A,,,,,,,#N/A,0.00%,#N/A,,,#N/A,#N/A,#N/A,#N/A,#N/A,,,,,,,,,0.00%,#N/A,PASS,
100,#N/A,Kansas City,Quarterfinals,#N/A,#N/A,#N/A,,,,,,,#N/A,0.00%,#N/A,,,#N/A,#N/A,#N/A,#N/A,#N/A,,,,,,,,,0.00%,#N/A,PASS,
101,#N/A,Dallas,Semifinals,#N/A,#N/A,#N/A,,,,,,,#N/A,0.00%,#N/A,,,#N/A,#N/A,#N/A,#N/A,#N/A,,,,,,,,,0.00%,#N/A,PASS,
102,#N/A,Atlanta,Semifinals,#N/A,#N/A,#N/A,,,,,,,#N/A,0.00%,#N/A,,,#N/A,#N/A,#N/A,#N/A,#N/A,,,,,,,,,0.00%,#N/A,PASS,
103,#N/A,Miami,Third Place Playoff,#N/A,#N/A,#N/A,,,,,,,#N/A,0.00%,#N/A,,,#N/A,#N/A,#N/A,#N/A,#N/A,,,,,,,,,0.00%,#N/A,PASS,
104,#N/A,New York/New Jersey,Final,#N/A,#N/A,#N/A,,,,,,,#N/A,0.00%,#N/A,,,#N/A,#N/A,#N/A,#N/A,#N/A,,,,,,,,,0.00%,#N/A,PASS,